Listing,Price,Location,Link,Image
2009 Yamaha Vino 125cc Scooter,1550.00,Morgan Hill,https://portland.craigslist.org/mlt/mcd/d/portland-1995-harley-davidson-fat-boy/7897432800.html,https://images.craigslist.org/01414_iQ9ZNMpMqEW_0CI0lM_600x450.jpg
2024 BMW GS R1300,20000.00,Stockton,https://lewiston.craigslist.org/mcy/d/white-bird-2007-kawasaki-vulcan-900/7897432237.html,https://images.craigslist.org/00P0P_hKvsiQXSey1_0t20CI_600x450.jpg
2018 Honda CBR650F,7000.00,Omaha,https://fortcollins.craigslist.org/mcy/d/fort-collins-2003-kdx-220/7897431368.html,https://images.craigslist.org/00v0v_iNtyTUD8PzV_0CI0t2_600x450.jpg
2023 Sherco 300 SE Factory,7800.00,North Lakewood,https://losangeles.craigslist.org/wst/mcy/d/los-angeles-2021-honda-rebel-300cc-abs/7897431192.html,https://images.craigslist.org/00g0g_h8lLWsgHCoz_0CI0t2_600x450.jpg
2019 Harley-Davidson Softail FXBB - Street Bob SKU:U66758 V Twin,11995.00,Folsom,https://fortcollins.craigslist.org/mcd/d/fort-collins-2020-kawasaki-z900/7897430045.html,https://images.craigslist.org/00w0w_dGJR65UnREn_0gw0co_600x450.jpg
2012 Harley street glide,14500.00,North Las Vegas,https://portland.craigslist.org/mlt/mcy/d/portland-2002-kawasaki-kl650a-m1030m1/7897429633.html,https://images.craigslist.org/00w0w_grjLlLELVbY_0CI0t2_600x450.jpg
"2003 Harley CVO Duece 100th Ann Ed 10,984 Miles!",11500.00,Houston,https://inlandempire.craigslist.org/mcy/d/chino-2008-suzuki-dr-z70-dirtbike/7897427867.html,https://images.craigslist.org/00O0O_aYEhiI065wo_0wj0t2_600x450.jpg
2019 Harley-Davidson Softail FXBB - Street Bob SKU:U66758 V Twin,11995.00,Folsom,https://chicago.craigslist.org/wcl/mcd/d/ottawa-2025-genuine-scooter-co-buddy/7897427562.html,https://images.craigslist.org/00w0w_dGJR65UnREn_0gw0co_600x450.jpg
1976 Goldwing GL1000 assembly,150.00,Roseburg,https://boise.craigslist.org/mcd/d/boise-2017-harley-davidson-fxsb-breakout/7897427540.html,https://images.craigslist.org/00C0C_4SEGDCXxwcK_07K0ak_600x450.jpg
2019 Harley-Davidson Softail FXBB - Street Bob SKU:U66758 V Twin,11995.00,Folsom,https://fortcollins.craigslist.org/mcd/d/fort-collins-2024-evo-300-factory/7897427582.html,https://images.craigslist.org/00w0w_dGJR65UnREn_0gw0co_600x450.jpg
2026 KAWASAKI KX 250 KX250 4STROKE MX MOTOCROSS SX CLEMS!,8999.00,Wilkeson,https://desmoines.craigslist.org/mcd/d/winterset-2024-kawasaki-eliminator-se/7897427385.html,https://images.craigslist.org/00x0x_9uX8kFBPp6w_0gw0co_600x450.jpg
2008 Kawasaki Vulcan 900,3500.00,Marana,https://fortcollins.craigslist.org/mcd/d/fort-collins-2025-vulcan-abs/7897427314.html,https://images.craigslist.org/00P0P_bUSfub4BRtg_0CI0t2_600x450.jpg
Vespa LX150,5500.00,Long Beach,https://fortcollins.craigslist.org/mcd/d/fort-collins-2025-klr-650/7897426996.html,https://images.craigslist.org/00Y0Y_5q7mNv5zHCe_0CI0CI_600x450.jpg
2025 ktm adventure r 890,14500.00,Phoenix,https://seattle.craigslist.org/see/mcd/d/salem-2025-gas-gas-ex250f-save-2000-new/7897426909.html,https://images.craigslist.org/00H0H_ddk1rHIm62i_0CI0t2_600x450.jpg
2019 Harley-Davidson Softail FXBB - Street Bob SKU:U66758 V Twin,11995.00,Folsom,https://fortcollins.craigslist.org/mcd/d/fort-collins-2025-beta-300rr-race/7897426744.html,https://images.craigslist.org/00w0w_dGJR65UnREn_0gw0co_600x450.jpg
2025 Kawasaki KLR 650 S SHORT ADV DS EXPLORE! MATTE GREEN SAVE $$$!,5949.00,Wilkeson,https://fortcollins.craigslist.org/mcd/d/fort-collins-2024-kawasaki-klx230-abs/7897426495.html,https://images.craigslist.org/00J0J_kqgJdO6Nreo_0cU08C_600x450.jpg
1978 KAWASAKI LTD KZ1000 RUNS AND DRIVES GOOD,2900.00,Littlerock,https://fortcollins.craigslist.org/mcd/d/fort-collins-2024-kawasaki-klx230/7897426229.html,https://images.craigslist.org/00S0S_7oUoAXuSrGx_0CI0s4_600x450.jpg
2010 Honda CBR600RR - 14k miles,5000.00,Hot Springs National Park,https://seattle.craigslist.org/see/mcd/d/salem-2025-gas-gas-ex300-stroke-save/7897426193.html,https://images.craigslist.org/00z0z_3bQqsZJzrd8_0lM0t2_600x450.jpg
"2024 Suzuki V-Strom 800DE ABS ADVENTURE ADV DS SAVE $1,350 AT CLEMS",9999.00,Wilkeson,https://sfbay.craigslist.org/sby/mcy/d/san-jose-2002-harley-road-king/7897426114.html,https://images.craigslist.org/00p0p_3i5fHdttxK9_0gw0co_600x450.jpg
2024 Yamaha R7,8000.00,Castle Rock,https://denver.craigslist.org/mcd/d/denver-2018-kawasaki-ninja-650-abs/7897425337.html,https://images.craigslist.org/00808_fmc1oDEmhUk_0pO0CI_600x450.jpg
2024 Suzuki V-Strom 800,8900.00,Sioux Falls,https://sandiego.craigslist.org/esd/mcy/d/alpine-1968-harley-davidson-police/7897425058.html,https://images.craigslist.org/00V0V_dpQoEh2jzN4_0CI0mp_600x450.jpg
2007 YAMAHA V-Star,3200.00,Marionville,https://fortcollins.craigslist.org/mcd/d/fort-collins-2026-klx140r/7897424681.html,https://images.craigslist.org/00l0l_1iPRm0Oelpw_0CI0t2_600x450.jpg
2025 YAMAHA TENERE 700 ADV ADVENTURE DS DUALSPORT TFT DISPLAY @ CLEMS!,9999.00,Wilkeson,https://seattle.craigslist.org/see/mcd/d/salem-2025-gas-gas-ex250-stroke-save/7897423021.html,https://images.craigslist.org/00101_l9j6R0qd0oc_0gw0co_600x450.jpg
2017 street glide special,17000.00,Riverside,https://sfbay.craigslist.org/eby/mcy/d/berkeley-2014-triumph-america-cruiser/7897422461.html,https://images.craigslist.org/00o0o_7uSqqA7fhxr_0t20CI_600x450.jpg
Pitster pro 125 Sherpa,1100.00,Truckee,https://sandiego.craigslist.org/nsd/mcy/d/vista-1500-miles-2016-harley-street-xg/7897422143.html,https://images.craigslist.org/00t0t_4TtTbpNOhUD_0CI0t2_600x450.jpg
2025 Ninja 500 ABS,5000.00,Saint Louis,https://denver.craigslist.org/mcy/d/aurora-2015-wide-glide/7897422056.html,https://images.craigslist.org/00U0U_2QWhqTnw8r9_0t20CI_600x450.jpg
2025 Indian Sport Scout +Tech,14900.00,Carpinteria,https://seattle.craigslist.org/see/mcd/d/salem-new-2025-gas-gas-ec450f-save-1650/7897421650.html,https://images.craigslist.org/00u0u_jo1GPW6Iurg_0CI0t2_600x450.jpg
2009 Harley Davidson Heritage with trike kit,13800.00,Fallbrook,https://medford.craigslist.org/mcy/d/ashland-2023-bmw-r1250-gs-adventure/7897421154.html,https://images.craigslist.org/00P0P_3fwnPZS7twA_0t20CI_600x450.jpg
Road king 2002,8500.00,Fort Collins,https://chicago.craigslist.org/nwc/mcd/d/rolling-meadows-2004-honda-cbr-600rr/7897421057.html,https://images.craigslist.org/00L0L_iOQQWo8Wuho_0t20CI_600x450.jpg
2017 Harley-Davidson FLTRXS - Road Glide Special SKU:u55224 V Tw,17995.00,Folsom,https://seattle.craigslist.org/see/mcd/d/salem-2025-gas-gas-ec300-new-save-1500/7897419984.html,https://images.craigslist.org/01010_78Qh1cU9I9I_0gw0co_600x450.jpg
2017 Harley-Davidson FLTRXS - Road Glide Special SKU:u55224 V Tw,17995.00,Folsom,https://portland.craigslist.org/wsc/mcy/d/hillsboro-2007-harley-davidson-road/7897419638.html,https://images.craigslist.org/01010_78Qh1cU9I9I_0gw0co_600x450.jpg
2017 Harley-Davidson FLTRXS - Road Glide Special SKU:u55224 V Tw,17995.00,Folsom,https://orangecounty.craigslist.org/mcy/d/costa-mesa-2021-honda-monkey-125-unused/7897419289.html,https://images.craigslist.org/01010_78Qh1cU9I9I_0gw0co_600x450.jpg
Genuine Roughhouse 50 SPORT!,2499.00,Seattle,https://eugene.craigslist.org/mcd/d/eugene-2009-harley-davidson-fxdf-fat-bob/7897417590.html,https://images.craigslist.org/00M0M_jtPatL3nnhR_0t20t2_600x450.jpg
Custom Indian low miles,16000.00,Redlands,https://eugene.craigslist.org/mcd/d/eugene-2024-harley-davidson-flhx-street/7897417556.html,https://images.craigslist.org/00U0U_a1Pxo7xvSIm_0d30t2_600x450.jpg
2017 Harley-Davidson FLTRXS - Road Glide Special SKU:u55224 V Tw,17995.00,Folsom,https://eugene.craigslist.org/mcd/d/eugene-2019-harley-davidson-flfbs-fat/7897417561.html,https://images.craigslist.org/01010_78Qh1cU9I9I_0gw0co_600x450.jpg
2013 HARLEY DAVIDSON ELECTRA GLIDE LIMITED,6495.00,Denver,https://eugene.craigslist.org/mcd/d/eugene-2012-harley-davidson-flhtk/7897417549.html,https://images.craigslist.org/00909_aU5JWppIP6j_0uY0kE_600x450.jpg
Coleman 110 cc mini dirtbike,500.00,Fort Collins,https://eugene.craigslist.org/mcd/d/eugene-2017-harley-davidson-flhtcutg/7897417531.html,https://images.craigslist.org/00u0u_5HhuvpYt9q8_0CI0hU_600x450.jpg
2017 Harley-Davidson FLTRXS - Road Glide Special SKU:U79425 V Tw,15995.00,Folsom,https://eugene.craigslist.org/mcd/d/eugene-2025-harley-davidson-fltrx-road/7897417520.html,https://images.craigslist.org/00w0w_5AgKnhlhQpb_0gw0co_600x450.jpg
2002 Honda Silverwing,2800.00,San Diego,https://eugene.craigslist.org/mcd/d/eugene-2022-harley-davidson-fxlrs-low/7897417521.html,https://images.craigslist.org/00Y0Y_6sSCER6d4lJ_09G0cU_600x450.jpg
Yamaha TTR125,1900.00,Chatsworth,https://seattle.craigslist.org/see/mcd/d/salem-new-2024-gas-gas-ec450f-save-1900/7897415675.html,https://images.craigslist.org/00606_1XuDVyb86Am_0t20CI_600x450.jpg
"SRF 135 $1,999 cash price taxes and fees",1999.00,Clovis,https://denver.craigslist.org/mcy/d/denver-2004-yamaha-ttr250-street-legal/7897415646.html,https://images.craigslist.org/00Z0Z_f9z1fEA0dvy_0CI0CI_600x450.jpg
"SRV 550 retro sport $3,499 cash price plus taxes and fees",3499.00,Clovis,https://tucson.craigslist.org/mcy/d/tucson-canam-spyder/7897414665.html,https://images.craigslist.org/00y0y_2rgSHAHRiFJ_0CI0CI_600x450.jpg
2017 Harley-Davidson FLTRXS - Road Glide Special SKU:U79425 V Tw,15995.00,Folsom,https://grandisland.craigslist.org/mcy/d/hastings-2017-harley-street-glide-flhx/7897413547.html,https://images.craigslist.org/00w0w_5AgKnhlhQpb_0gw0co_600x450.jpg
1969 Honda ct 70,2800.00,Phoenix,https://sandiego.craigslist.org/nsd/mcy/d/escondido-2015-ktm-300-xc/7897413239.html,https://images.craigslist.org/00p0p_BfpQtv3Jxb_0CI0t2_600x450.jpg
2015 GSX-S 750 - Like New,6000.00,Sparks,https://inlandempire.craigslist.org/mcd/d/banning-2025-beta-300-xtrainer/7897412679.html,https://images.craigslist.org/00P0P_9He7soYws8B_0uY0ne_600x450.jpg
2008 bmw k1200 gt,5700.00,Inglewood,https://chicago.craigslist.org/wcl/mcy/d/aurora-05-road-glide-king-2499/7897412374.html,https://images.craigslist.org/00Y0Y_4F7SNXJSijT_0dx0t2_600x450.jpg
"2017 BMW R nineT Scrambler â€“ 4,037 miles â€“ Rizoma / Daedalus Tail Tidy",8900.00,Irvine,https://sacramento.craigslist.org/mcd/d/sacramento-2017-harley-davidson-cvo-pro/7897411450.html,https://images.craigslist.org/00x0x_b6caK4GGETC_0kE0fu_600x450.jpg
2000 Harley-Davidson Sportster / One owner 7346 Miles,4900.00,Santa Fe,https://sacramento.craigslist.org/mcd/d/sacramento-2022-yamaha-yzf-r7-supersport/7897411437.html,https://images.craigslist.org/00g0g_9slw9uQkcf9_0CI0t2_600x450.jpg
2017 Harley-Davidson FLTRXS - Road Glide Special SKU:U79425 V Tw,15995.00,Folsom,https://phoenix.craigslist.org/wvl/mcy/d/glendale-2022-cf-moto-clx-700-sport/7897410726.html,https://images.craigslist.org/00w0w_5AgKnhlhQpb_0gw0co_600x450.jpg
Honda CRF 300 L Rally,6000.00,Port Hueneme CBC Base,https://santafe.craigslist.org/mcy/d/santa-fe-2024-bmw-r12/7897410097.html,https://images.craigslist.org/00Z0Z_8sVga3B2WOU_0t20CI_600x450.jpg
Honda PCX 150,3900.00,Bend,https://minneapolis.craigslist.org/hnp/mcd/d/delano-2024-honda-gold-wing-bagger-low/7897409734.html,https://images.craigslist.org/00Y0Y_7sONhw55TzZ_0lM0t2_600x450.jpg
2002 Yamaha FZ1,4500.00,Hermosa Beach,https://chicago.craigslist.org/nwc/mcd/d/big-bend-2018-bmw-1600-black-storm/7897408505.html,https://images.craigslist.org/00I0I_bBw1mtvnX1_0CI0t2_600x450.jpg
2021 YAMAHA YZF R1,16895.00,Rolling Meadows,https://denver.craigslist.org/mcd/d/denver-2019-aluma-mc1f/7897406872.html,https://images.craigslist.org/01515_f2pJ9zHr1W4_0CI0t2_600x450.jpg
2017 Harley-Davidson FLTRXS - Road Glide Special SKU:U79425 V Tw,15995.00,Folsom,https://palmsprings.craigslist.org/mcy/d/blythe-2006-honda-trx-250/7897406817.html,https://images.craigslist.org/00w0w_5AgKnhlhQpb_0gw0co_600x450.jpg
2020 BMW K1600GT,16750.00,Frisco,https://ventura.craigslist.org/mcy/d/ventura-2008-can-am-spyder/7897406814.html,https://images.craigslist.org/00E0E_1CjddgX4NcY_1320MM_600x450.jpg
"Three-wheeled mini golf cart $2,495 cash price plus taxes.",2495.00,Clovis,https://yakima.craigslist.org/mcd/d/kittitas-new-2026-yamaha-yz125x-dirt/7897405736.html,https://images.craigslist.org/00q0q_eYIzxFDabxM_0CI0CI_600x450.jpg
2017 Harley-Davidson FLTRXS - Road Glide Special SKU:U79106 V Tw,12995.00,Folsom,https://seattle.craigslist.org/see/mcd/d/salem-2025-gas-gas-es350-es500-save/7897405667.html,https://images.craigslist.org/00W0W_db3aqbplLs9_0gw0co_600x450.jpg
"XL 250R $1,750 OBO",1750.00,Milliken,https://seattle.craigslist.org/see/mcd/d/kittitas-new-2026-yamaha-yz125x/7897405538.html,https://images.craigslist.org/00K0K_ep4BGpVxcGf_0CI0rW_600x450.jpg
2004 Harley-Davidson FLHTCUI Ultra Classic Electra Glide,6000.00,Saint Cloud,https://seattle.craigslist.org/see/mcd/d/kittitas-new-2026-yamaha-tw-200-on-off/7897405368.html,https://images.craigslist.org/01111_a4xwOGkIq4U_0t20CI_600x450.jpg
2018 HD Fat Boy,18500.00,Warren,https://sandiego.craigslist.org/csd/mcd/d/chatsworth-2020-mv-agusta-f3-800-rc/7897405343.html,https://images.craigslist.org/00101_4nMxQ6zxbNT_0t20CI_600x450.jpg
1998 harley davidson aniversary custom bike,9250.00,Canton,https://yakima.craigslist.org/mcd/d/kittitas-new-2026-yamaha-tw200-dual/7897405166.html,https://images.craigslist.org/00I0I_lsKsL7475vc_0i90a9_600x450.jpg
"Apollo thunder 300 DLX $3,295",3295.00,Clovis,https://portland.craigslist.org/clk/mcy/d/vancouver-2000-bmw-r1150gs-3000-obo/7897404327.html,https://images.craigslist.org/00s0s_i2AI8jmPQde_0CI0CI_600x450.jpg
1977 Yamaha XT500 Vintage 70s Motorcycle,1000.00,Los Angeles,https://yakima.craigslist.org/mcd/d/kittitas-new-2023-benelli-tnt135-street/7897404125.html,https://images.craigslist.org/00s0s_e7JXsjuktml_0CI0t2_600x450.jpg
Plated Yamaha 450cc,3995.00,Los Angeles,https://seattle.craigslist.org/see/mcd/d/kittitas-new-2023-benelli-tnt-135/7897403850.html,https://images.craigslist.org/00u0u_gcYG2dfA6hi_0t20CI_600x450.jpg
"Apollo x5 4 speed dirt bike $1,595 cash price plus taxes and fees",1595.00,Clovis,https://sandiego.craigslist.org/csd/mcd/d/san-diego-2018-triumph-bonneville-t120/7897403656.html,https://images.craigslist.org/00W0W_9OqxgsOhOcV_0CI0CI_600x450.jpg
2017 Harley-Davidson FLTRXS - Road Glide Special SKU:U79106 V Tw,12995.00,Folsom,https://losangeles.craigslist.org/lac/mcd/d/rancho-cordova-2024-yamaha-tenere-700/7897403320.html,https://images.craigslist.org/00W0W_db3aqbplLs9_0gw0co_600x450.jpg
Harley Davidson  Heritage Softail,8500.00,Anderson,https://seattle.craigslist.org/see/mcd/d/kittitas-2026-honda-crf-50-dirt-bike/7897402991.html,https://images.craigslist.org/01111_fve2rE9omYF_0CI0t2_600x450.jpg
2022 Can-Am Ryker 600cc 3224 miles,8500.00,El Sobrante,https://sfbay.craigslist.org/sfc/mcd/d/rancho-cordova-2024-yamaha-tenere-700/7897402882.html,https://images.craigslist.org/00j0j_aX662J6Yplu_0x20oM_600x450.jpg
2002 Yamaha V-Star 1100,4000.00,El Mirage,https://yakima.craigslist.org/mcd/d/kittitas-2026-honda-crf50f-dirt-bike/7897402812.html,https://images.craigslist.org/00q0q_3PxGDLlo1aW_0CI0t2_600x450.jpg
2017 Harley-Davidson FLTRXS - Road Glide Special SKU:U79106 V Tw,12995.00,Folsom,https://denver.craigslist.org/mcy/d/aurora-2013-suzuki-svf-650-gladius/7897402520.html,https://images.craigslist.org/00W0W_db3aqbplLs9_0gw0co_600x450.jpg
Vespa ET2,2000.00,Los Angeles,https://sacramento.craigslist.org/mcd/d/rancho-cordova-2024-yamaha-tenere-700/7897402437.html,https://images.craigslist.org/00u0u_2L3KxnXzLaD_0t20CI_600x450.jpg
New 2025 Rokon Trail Breaker AWD Motorcycle Rare Color!,9695.00,Hildale,https://losangeles.craigslist.org/sfv/mcd/d/chatsworth-2020-mv-agusta-f3-800-rc/7897401865.html,https://images.craigslist.org/00y0y_hgtpJJS3CiC_0CI0t2_600x450.jpg
Honda Trail 125 with Corbin front and rear seats,3900.00,Los Angeles,https://sierravista.craigslist.org/mcy/d/nogales-harley-davidson/7897401110.html,https://images.craigslist.org/00404_7bIC0XyOtRC_0tl0CI_600x450.jpg
New 2025 Rokon Trail Breaker AWD Motorcycle Rare Color!,9695.00,La Verkin,https://lubbock.craigslist.org/mcy/d/slaton-2011-ninja-250r/7897400916.html,https://images.craigslist.org/00y0y_hgtpJJS3CiC_0CI0t2_600x450.jpg
1971 Honda SL100 Original Unrestored 365 miles,4900.00,Scottsdale,https://seattle.craigslist.org/see/mcd/d/kent-2023-bmw-310-motorcycle/7897398275.html,https://images.craigslist.org/00w0w_gpDVs4IhxhD_0CI0t2_600x450.jpg
2017 Harley-Davidson FLTRXS - Road Glide Special SKU:U79106 V Tw,12995.00,Folsom,https://austin.craigslist.org/mcy/d/austin-2023-bmw-s1000xr/7897397939.html,https://images.craigslist.org/00W0W_db3aqbplLs9_0gw0co_600x450.jpg
KTM 1290 SUPER ADVENTURE S.  Discounted $7350  NW Euro Cycles,13995.00,Tacoma,https://losangeles.craigslist.org/lgb/mcd/d/chatsworth-2022-bmw-1600-black-storm/7897397900.html,https://images.craigslist.org/01010_6AWMZpot0XH_0CI0oR_600x450.jpg
New 50cc & 70cc dirtbikes !!sale!!,699.00,Modesto,https://seattle.craigslist.org/see/mcd/d/tacoma-2013-harley-davidson-road-king/7897397061.html,https://images.craigslist.org/01717_2iT40jEo6Rt_0t20CI_600x450.jpg
Night rod special,9000.00,Encinitas,https://denver.craigslist.org/mcd/d/denver-2021-harley-davidson-electra/7897396225.html,https://images.craigslist.org/00202_e7fRc0vDHcq_0CI0lM_600x450.jpg
Ktm1290R,12000.00,Brighton,https://sandiego.craigslist.org/nsd/mcd/d/escondido-2014-yamaha-yz125/7897394947.html,https://images.craigslist.org/01111_3buA29tXtg5_0t20CI_600x450.jpg
2009 Harley-Davidson FLHX - Street Glide SKU:U06489 V Twin 1584,10995.00,Folsom,https://orangecounty.craigslist.org/mcy/d/dana-point-suzuki-ls650/7897394845.html,https://images.craigslist.org/01717_4smzIY8lIiQ_0gw0co_600x450.jpg
2005 Suzuki Hayabusa 1300ccðŸ”¥,7450.00,Oxnard,https://losangeles.craigslist.org/sfv/mcd/d/chatsworth-2015-yamaha-fjr-1300a/7897394693.html,https://images.craigslist.org/01313_9H3KI3UCHIR_0CI0lM_600x450.jpg
Lance Havana Classic 50,2000.00,Seattle,https://losangeles.craigslist.org/sfv/mcy/d/porter-ranch-07-suzuki-rm85l-rm100l/7897393353.html,https://images.craigslist.org/00L0L_k6MMF6QOa4m_0t20t2_600x450.jpg
Mobility scooter,500.00,Olympia,https://losangeles.craigslist.org/sfv/mcy/d/porter-ranch-06-suzuki-rm295-rm250-rm/7897392872.html,https://images.craigslist.org/00X0X_eYFoLr4aLup_1320MM_600x450.jpg
2009 Harley-Davidson FLHX - Street Glide SKU:U06489 V Twin 1584,10995.00,Folsom,https://reno.craigslist.org/mcy/d/washoe-valley-2023-gasgas-mc-350/7897391538.html,https://images.craigslist.org/01717_4smzIY8lIiQ_0gw0co_600x450.jpg
05 Anniversary Fatboy,7800.00,Canby,https://inlandempire.craigslist.org/mcd/d/chatsworth-2024-harley-davidson-softail/7897391188.html,https://images.craigslist.org/00303_gLoaCLyYnX7_0t20CI_600x450.jpg
2005 Suzuki Hayabusa 1300ccðŸ”¥,7450.00,Oxnard,https://medford.craigslist.org/mcy/d/murphy-2013-ducati-hypermotard/7897389275.html,https://images.craigslist.org/01313_9H3KI3UCHIR_0CI0lM_600x450.jpg
1999 Indian Gilroy Chief Cruiser One Owner! Low Miles! Must See!,9995.00,Mesa,https://phoenix.craigslist.org/evl/mcy/d/chandler-1998-honda-vfr800/7897388895.html,https://images.craigslist.org/00A0A_av9XFm7FDM7_0CI0lG_600x450.jpg
2009 Harley-Davidson FLHX - Street Glide SKU:U06489 V Twin 1584,10995.00,Folsom,https://losangeles.craigslist.org/lac/mcy/d/simi-valley-2014-bmw-r1200gs-fully/7897388595.html,https://images.craigslist.org/01717_4smzIY8lIiQ_0gw0co_600x450.jpg
.Scooter & Lift,1950.00,Mesquite,https://losangeles.craigslist.org/lgb/mcd/d/chatsworth-2024-harley-davidson-softail/7897387427.html,https://images.craigslist.org/00Y0Y_4XinmZHkTbP_0t20CI_600x450.jpg
Harley Davidson,7500.00,Pueblo,https://easttexas.craigslist.org/mcy/d/nacogdoches-2019-softail-slim/7897386187.html,https://images.craigslist.org/00z0z_dOyc3LiZE6k_0hq0ne_600x450.jpg
Suzuki Burgman 650,4000.00,Mesa,https://portland.craigslist.org/mlt/mcy/d/happy-valley-1980-kawasaki-kz1300/7897385100.html,https://images.craigslist.org/00Y0Y_dkbl3kJ86hA_0CI0sZ_600x450.jpg
2011 Harley Davidson Dyna Wide Glide,6500.00,Windsor,https://losangeles.craigslist.org/lgb/mcd/d/chatsworth-2023-harley-davidson/7897384420.html,https://images.craigslist.org/00L0L_bAEvwBFToz5_0t20CI_600x450.jpg
2018 Harley-DavidsonÂ® FLHRXS - Road KingÂ® Special,13795.00,Tempe,https://phoenix.craigslist.org/cph/mcy/d/scottsdale-2014-canam-spyder-roadster/7897383535.html,https://images.craigslist.org/00P0P_e5KEPfmHNqb_0CI0hq_600x450.jpg
2009 Harley-Davidson FLHX - Street Glide SKU:U06489 V Twin 1584,10995.00,Folsom,https://sfbay.craigslist.org/sfc/mcd/d/chatsworth-2024-mv-agusta-lxp-orioli/7897381490.html,https://images.craigslist.org/01717_4smzIY8lIiQ_0gw0co_600x450.jpg
2023 NORDEN 901,8999.00,Reno,https://sacramento.craigslist.org/mcd/d/sacramento-2023-bmw-310-roadster/7897381173.html,https://images.craigslist.org/00L0L_6uGOYsLNVdM_0jc0t2_600x450.jpg
2016 Harley-Davidson FLTRXS - Road Glide Special SKU:U04787 V Tw,16995.00,Folsom,https://nmi.craigslist.org/mcd/d/conway-2023-kawasaki-versys-stock-miles/7897380919.html,https://images.craigslist.org/00D0D_j2HGpwaThVc_0gw0co_600x450.jpg
2017 Dyna Wide Glide-Low Miles!,10000.00,Colorado Springs,https://losangeles.craigslist.org/sfv/mcy/d/valencia-vintage-suzuki-rm250-classic/7897380857.html,https://images.craigslist.org/00k0k_jzeicUsBrYQ_0CI0lN_600x450.jpg
2017 KTM 250SX,4500.00,Tehachapi,https://portland.craigslist.org/mlt/mcy/d/portland-2007-honda-goldwing/7897380420.html,https://images.craigslist.org/00u0u_jGf8UFDI0dz_0t20CI_600x450.jpg
2016 Harley-Davidson FLTRXS - Road Glide Special SKU:U04787 V Tw,16995.00,Folsom,https://chicago.craigslist.org/nwc/mcd/d/rolling-meadows-2005-kawasaki-ninja-zx6r/7897379525.html,https://images.craigslist.org/00D0D_j2HGpwaThVc_0gw0co_600x450.jpg
Harley Davidson,21000.00,Sacramento,https://ventura.craigslist.org/mcd/d/chatsworth-2024-mv-agusta-lxp-orioli/7897378389.html,https://images.craigslist.org/00a0a_3pEYjgpFRT0_0CI0t2_600x450.jpg
1985 Honda Shadow VT700C Bobber,3200.00,Denton,https://sanantonio.craigslist.org/mcd/d/san-antonio-2018-triumph-bonneville/7897377184.html,https://images.craigslist.org/00D0D_SnX9H6CGtM_0Cz0t2_600x450.jpg
2016 Harley-Davidson FLTRXS - Road Glide Special SKU:U04787 V Tw,16995.00,Folsom,https://denver.craigslist.org/mcy/d/arvada-1978-oem-fxe-shovelhead-frame/7897376290.html,https://images.craigslist.org/00D0D_j2HGpwaThVc_0gw0co_600x450.jpg
Suzuki RS 175 - 1980,2899.00,Redding,https://denver.craigslist.org/mcd/d/timnath-2021-ktm-duke-200-single/7897375802.html,https://images.craigslist.org/00H0H_flDrMOjHPuY_0CI0t1_600x450.jpg
2005 KTM 50,1100.00,San Marcos,https://losangeles.craigslist.org/sfv/mcd/d/chatsworth-2023-mv-agusta-brutale-1000/7897375693.html,https://images.craigslist.org/00Y0Y_6rtSEPlvbhh_07L0ak_600x450.jpg
2016 Harley-Davidson FLTRXS - Road Glide Special SKU:U04787 V Tw,16995.00,Folsom,https://losangeles.craigslist.org/sgv/mcd/d/chatsworth-2022-harley-davidson-ra1250s/7897372873.html,https://images.craigslist.org/00D0D_j2HGpwaThVc_0gw0co_600x450.jpg
2008 Harley Davidson FLHTCU Ultra Classic Electra Glide Touring Black,7995.00,Mesa,https://redding.craigslist.org/mcd/d/redding-2022-harley-davidson-rh975/7897370648.html,https://images.craigslist.org/00e0e_bGh53HH9yQX_0CI0mD_600x450.jpg
1974 Honda Elsinore MR 50,3500.00,Corning,https://redding.craigslist.org/mcd/d/redding-2011-harley-davidson-fxdc-black/7897370520.html,https://images.craigslist.org/00Q0Q_9mixP7smshO_0CI0t2_600x450.jpg
2022 BMW 1250 GSA Adventure Rally,19500.00,Thousand Oaks,https://redding.craigslist.org/mcd/d/redding-2023-harley-davidson-fxst-black/7897370649.html,https://images.craigslist.org/00O0O_4J7gPum3LRH_0CI0t2_600x450.jpg
2025 Can-Am Ryker Sport,12499.00,Central Point,https://redding.craigslist.org/mcd/d/redding-2011-harley-davidson-flhtk-dk/7897370423.html,https://images.craigslist.org/01313_24DS1rhwWPq_0gw0co_600x450.jpg
2020 Honda Grom,2599.00,Big Bend,https://sfbay.craigslist.org/sby/mcy/d/san-jose-triumph-bonneville-for-sell/7897370706.html,https://images.craigslist.org/00a0a_3eudT8HCXez_0gw0co_600x450.jpg
125cc Icebear Champion Christmas Special,1500.00,Springfield,https://sandiego.craigslist.org/nsd/mcd/d/chatsworth-2023-ducati-diavel-v4/7897369831.html,https://images.craigslist.org/00Z0Z_2keKkvXD85N_0wU0eO_600x450.jpg
150cc RPS Viper Christmas Special,1750.00,Springfield,https://tucson.craigslist.org/mcd/d/tucson-2024-harley-davidson-touring/7897369467.html,https://images.craigslist.org/00Z0Z_4MXVUKH01aK_04d04d_600x450.jpg
2003 Road King Harley Davidson,3800.00,Valencia,https://orangecounty.craigslist.org/mcd/d/chatsworth-2023-ducati-diavel-v4/7897367114.html,https://images.craigslist.org/00u0u_ieMkRc1qI2Q_0CI0t2_600x450.jpg
Harley Davidson 1989 FXSTC 1340 Softail Custom,7000.00,Escondido,https://sanantonio.craigslist.org/mcy/d/schertz-2002-harley/7897366974.html,https://images.craigslist.org/01313_cvY2mzioGPw_0cU09G_600x450.jpg
2020 BMW F 750 GS PREMIUM 853cc *702 MILES LIKE NEW* 1 OREGON OWNER *,9999.00,Portland,https://sandiego.craigslist.org/csd/mcd/d/oceanside-1990-fxrs-convertible-lowrider/7897366011.html,https://images.craigslist.org/00m0m_78IABmHWtoz_0fu0gd_600x450.jpg
Electric Scooter,250.00,Fayetteville,https://losangeles.craigslist.org/sfv/mcd/d/chatsworth-2023-ducati-diavel-v4/7897364605.html,https://images.craigslist.org/00p0p_kEbYPu82rsA_0CI0t2_600x450.jpg
2013 Triumph Tiger,4988.00,Tacoma,https://fortcollins.craigslist.org/mcd/d/timnath-2021-ktm-duke-200-single/7897364240.html,https://images.craigslist.org/01111_20W1hn1HiZB_0g70dI_600x450.jpg
2009 KTM 450xcf,2800.00,Corvallis,https://losangeles.craigslist.org/sfv/mcd/d/chatsworth-2023-yamaha-super-tenere-es/7897362001.html,https://images.craigslist.org/00808_dXfgmU56W9B_08I08I_600x450.jpg
2024 Suzuki GSX-S 8R,9988.00,Tacoma,https://losangeles.craigslist.org/sfv/mcd/d/chatsworth-2023-honda-rebel-1100t-dct/7897359460.html,https://images.craigslist.org/00M0M_c1TpDeNkzHS_0fM0da_600x450.jpg
2010 Suzuki GSXR750,5200.00,Los Angeles,https://spokane.craigslist.org/mcd/d/coeur-alene-2020-can-am-ryker-900-ace/7897358881.html,https://images.craigslist.org/00F0F_gmRUD3r03zc_0CI0t2_600x450.jpg
2023 Husqvarna FX 350 Heritage,7999.00,Stayton,https://spokane.craigslist.org/mcd/d/coeur-alene-2018-aprilia-tuono-factory/7897356981.html,https://images.craigslist.org/00M0M_h2Tweipt7UY_0gw0co_600x450.jpg
2018 KAWASAKI KX 65 FOR SALE!!,3350.00,Hanford,https://santabarbara.craigslist.org/mcd/d/chatsworth-2024-ktm-rc-390-single/7897356738.html,https://images.craigslist.org/00C0C_2gi1oaTQ9uv_0t20CI_600x450.jpg
2013 SUZUKI HAYABUSA,8988.00,Tacoma,https://losangeles.craigslist.org/sfv/mcy/d/woodland-hills-bmw-k1600gtl-for-sale/7897356592.html,https://images.craigslist.org/00B0B_cW6fOeEx63z_0fM0db_600x450.jpg
2010 Suzuki GSXR750,5500.00,Los Angeles,https://yuma.craigslist.org/mcy/d/yuma-2017-honda-vfr-1200x-adventure/7897354959.html,https://images.craigslist.org/01010_llu3qX8rnB5_0CI0t2_600x450.jpg
2025 Honda CB650R E-Clutch,9399.00,Houston,https://chicago.craigslist.org/wcl/mcd/d/ottawa-2025-honda-crf110f/7897354458.html,https://images.craigslist.org/00303_bcYsP4AcRQ6_0gw0co_600x450.jpg
Foldable scooter,489.00,Magnolia,https://boise.craigslist.org/mcd/d/boise-2022-harley-davidson-softail/7897354441.html,https://images.craigslist.org/00H0H_5pA3IWMEWMR_0t20CI_600x450.jpg
2024 Yamaha R7 Warranty Financing Delivery,7495.00,Arcadia,https://kansascity.craigslist.org/mcd/d/osage-beach-2013-harley-davidson-flhtk/7897354374.html,https://images.craigslist.org/00Z0Z_7tN3ep4uWW3_0CI0t2_600x450.jpg
2019 Harley-davidson Fat Bob 114,16500.00,Crowley,https://losangeles.craigslist.org/sfv/mcd/d/chatsworth-2024-ktm-rc-390-single/7897354358.html,https://images.craigslist.org/00q0q_1Zb9xBh75yr_0CI0t2_600x450.jpg
2014 Yamaha R6 Financing Delivery,7995.00,Arcadia,https://chico.craigslist.org/mcy/d/chico-gas-gas-450-factoy-edition/7897354174.html,https://images.craigslist.org/00Z0Z_1JW7mPtq3pV_0CI0t2_600x450.jpg
2025 Triumph TF 450-RC Edition,6745.00,Costa Mesa,https://sfbay.craigslist.org/eby/mcy/d/vallejo-2025-vespa-310-super-sport/7897353317.html,https://images.craigslist.org/00606_b712GZxyUmt_0CI0pR_600x450.jpg
2021 Kawasaki Ninja ZX6R 636 Warranty Financing Delivery,9995.00,Arcadia,https://inlandempire.craigslist.org/mcd/d/santa-barbara-2024-ktm-duke-250-single/7897352283.html,https://images.craigslist.org/00t0t_ivKi7jfBv5B_0CI0t2_600x450.jpg
2019 Harley-Davidson XL 1200XS - Sportster Forty-Eight SKU:C0507,6995.00,Folsom,https://boise.craigslist.org/mcd/d/nampa-2015-honda-forza-base/7897351876.html,https://images.craigslist.org/00k0k_7G7weUUg8Gb_0gw0co_600x450.jpg
2020 street bob FXBB,9995.00,Oceanside,https://losangeles.craigslist.org/sfv/mcd/d/santa-barbara-2024-ktm-duke-250-single/7897350154.html,https://images.craigslist.org/00d0d_5KYSO84atvL_0CI0t2_600x450.jpg
1961 BMW R50,8500.00,Los Angeles,https://sanantonio.craigslist.org/mcy/d/san-antonio-save-big/7897349260.html,https://images.craigslist.org/00t0t_lxjLfvT59vH_0CI0t2_600x450.jpg
2025 Triumph TF250-X,6495.00,Costa Mesa,https://tucson.craigslist.org/mcy/d/catalina-2019-honda-monkey/7897348829.html,https://images.craigslist.org/00909_8qSCinDptUg_0oc0i9_600x450.jpg
"Ultra rare 85 Suzuki SP600 1 of 1000 made,  showroom pristine conditon",5999.00,Las Vegas,https://seattle.craigslist.org/see/mcy/d/renton-2019-honda-monkey/7897347235.html,https://images.craigslist.org/00A0A_iwJOiQTpOb1_0ji0ew_600x450.jpg
"Suzuki 650 Burgman  2009, 11,800 mi",3100.00,Turlock,https://seattle.craigslist.org/see/mcy/d/renton-2022-husqvarna-te-300/7897346889.html,https://images.craigslist.org/00K0K_cwrhbPFkR1E_0CI0t2_600x450.jpg
Harley Davidson Pan America Special,12000.00,Glendale,https://goldcountry.craigslist.org/mcy/d/colfax-91-suzuki-dr350/7897344021.html,https://images.craigslist.org/00I0I_fv4cm9r8uVm_12w0Ak_600x450.jpg
2025 Triumph Tiger 900 Rally Pro,21695.00,Costa Mesa,https://sacramento.craigslist.org/mcd/d/sacramento-2006-harley-davidson-street/7897341802.html,https://images.craigslist.org/00s0s_dLu23CedZIs_0CI0pR_600x450.jpg
2019 Harley-Davidson XL 1200XS - Sportster Forty-Eight SKU:C0507,6995.00,Folsom,https://sacramento.craigslist.org/mcd/d/sacramento-2011-harley-davidson-dyna/7897341800.html,https://images.craigslist.org/00k0k_7G7weUUg8Gb_0gw0co_600x450.jpg
Kawasaki Voyager XII - Immaculate,1850.00,Queen Creek,https://minneapolis.craigslist.org/hnp/mcd/d/forest-lake-2025-yamaha-mt-09-sp-cycle/7897341682.html,https://images.craigslist.org/00U0U_hPXjAJpL4SW_0CI0t2_600x450.jpg
2016 Honda CB300F,3990.00,Dublin,https://minneapolis.craigslist.org/hnp/mcd/d/forest-lake-2025-kawasaki-vulcan-cafe/7897341680.html,https://images.craigslist.org/00707_eGgFSZ1Xe5J_1u8176_600x450.jpg
2013 ultra limited,10.00,Salem,https://dallas.craigslist.org/dal/mcy/d/forney-2021-kawasaki-ninja-650/7897339639.html,https://images.craigslist.org/01010_ijajJvMaVY9_0t90CI_600x450.jpg
Razor e300s,100.00,Canoga Park,https://portland.craigslist.org/mlt/mcy/d/portland-inadian-chief-dark-horse/7897338667.html,https://images.craigslist.org/00p0p_6whIrapVFtX_0CI0t2_600x450.jpg
2019 Harley-Davidson XL 1200XS - Sportster Forty-Eight SKU:C0507,6995.00,Folsom,https://dallas.craigslist.org/ndf/mcy/d/denton-kawasaki-ninja/7897338605.html,https://images.craigslist.org/00k0k_7G7weUUg8Gb_0gw0co_600x450.jpg
1970 BSA and otherVintage motorcycles,5000.00,Surprise,https://portland.craigslist.org/mlt/mcy/d/portland-2013-softail-slim/7897338131.html,https://images.craigslist.org/00q0q_e5IgYcoN958_0CI0t2_600x450.jpg
2 honda mini bikes 1 honda st 90 1 honda ct 70,1800.00,Phoenix,https://denver.craigslist.org/mcy/d/englewood-2020-cake-kalk-streetlegal/7897336622.html,https://images.craigslist.org/01616_8qXPG01WsJk_0CI0t2_600x450.jpg
2017 Moto Guzzi V7 III Stone,4499.00,Big Bend,https://phoenix.craigslist.org/evl/mcy/d/mesa-2023-kawasaki-900-rs/7897336175.html,https://images.craigslist.org/00707_d714HuXUVLU_0gw0co_600x450.jpg
2019 Harley-Davidson XL 1200XS - Sportster Forty-Eight SKU:C0507,6995.00,Folsom,https://shreveport.craigslist.org/mcd/d/marshall-2012-harley-davidson/7897334421.html,https://images.craigslist.org/00k0k_7G7weUUg8Gb_0gw0co_600x450.jpg
Honda CR 50,1200.00,Great Falls,https://dallas.craigslist.org/dal/mcd/d/rowlett-harley-davidson-cvo-road-glide/7897333385.html,https://images.craigslist.org/00v0v_jefELb2f8UQ_0CI0t2_600x450.jpg
"OR. Residents KTM 1290 ADV S Save $6355! NW Euro Cycle. Tacoma, WA",14999.00,Boring,https://sandiego.craigslist.org/csd/mcy/d/carlsbad-2008-triumph-sprint-st-1050-abs/7897327075.html,https://images.craigslist.org/00p0p_qWrzHrX5cs_0CI0o9_600x450.jpg
Hi boy S2R -plus electric scooter,150.00,Temecula,https://sandiego.craigslist.org/csd/mcy/d/carlsbad-2007-suzuki-gsf1250s-bandit/7897327027.html,https://images.craigslist.org/00Y0Y_7kDdjaeoHrT_0x20oM_600x450.jpg
2024 Harley Davidson Low Rider ST FXLRST,19500.00,Portland,https://yubasutter.craigslist.org/mcd/d/sutter-bunch-of-bikes-for-sale-harley/7897323900.html,https://images.craigslist.org/00F0F_7gpwRc8p8EN_0CI0t2_600x450.jpg
Lectric E-Bike,1800.00,Fort Garland,https://inlandempire.craigslist.org/mcy/d/chino-1971-honda-sl70/7897322968.html,https://images.craigslist.org/00k0k_hqXSJTcSqCg_0CI0t2_600x450.jpg
2014 Harley-Davidson Touring FLHTK - Electra Glide Ultra SKU:C12,14995.00,Folsom,https://easttexas.craigslist.org/mcd/d/arlington-kawasaki-kx450-pro-level/7897319213.html,https://images.craigslist.org/00L0L_8cBKp16kv37_0gw0co_600x450.jpg
2022 Harley Davidson  Low Rider ST-FLXRST,19150.00,Parker,https://losangeles.craigslist.org/wst/mcy/d/santa-monica-cake-osa-new-180-demo/7897319042.html,https://images.craigslist.org/01616_2wYv0xcaXT0_0vC0CI_600x450.jpg
2014 Honda CB500X *$114/Month OAC $0 Down*,4295.00,Manhattan,https://galveston.craigslist.org/mcd/d/arlington-2022-can-am-ryker-900-rally/7897318668.html,https://images.craigslist.org/00G0G_h37h0hKbmya_0lP0ju_600x450.jpg
2015 Harley Davidson Softail Slim,8950.00,San Antonio,https://boulder.craigslist.org/mcy/d/longmont-motorcycle-hitch-carrier-up-to/7897318430.html,https://images.craigslist.org/00v0v_6Wx8uTFKMo2_0lR0t2_600x450.jpg
2021 Harley Davidson FXLR ROAD GLIDE   ,16900.00,Oregon City,https://dallas.craigslist.org/dal/mcd/d/rowlett-543-mo-harley-davidson-road/7897317307.html,https://images.craigslist.org/00z0z_340gul8GFvg_0cU09G_600x450.jpg
2021 Harley Davidson FXLR ROAD GLIDE   ,16900.00,Oregon City,https://losangeles.craigslist.org/sfv/mcd/d/chatsworth-2022-husqvarna-vitpilen-401/7897316491.html,https://images.craigslist.org/00z0z_340gul8GFvg_0cU09G_600x450.jpg
"2015 Harley XG750 - 647 Miles ! (Steeles Cycle Buy,Sell,Trade,Consign)",3499.00,Englewood,https://losangeles.craigslist.org/lac/mcd/d/chatsworth-2020-vespa-elettrica-45-mph/7897316103.html,https://images.craigslist.org/00101_80LuuxN4MhS_0CI0t2_600x450.jpg
KTMRC8R,11000.00,Los Angeles,https://losangeles.craigslist.org/sfv/mcd/d/chatsworth-2022-ducati-panigale-v2/7897315701.html,https://images.craigslist.org/00Y0Y_2afmROktBBF_0hq0cU_600x450.jpg
2002 BMW K1200RS,3200.00,Pinon Hills,https://sfbay.craigslist.org/eby/mcy/d/berkeley-2007-ducati-monster-s2r1000/7897315664.html,https://images.craigslist.org/00r0r_csZNdG4lMXE_0pO0jm_600x450.jpg
2014 can am spyder rt,9000.00,Brentwood,https://losangeles.craigslist.org/sfv/mcd/d/chatsworth-2022-mv-agusta-turismo/7897314807.html,https://images.craigslist.org/00Q0Q_9E6h63nCmLH_0CI0t2_600x450.jpg
2021 Triumph Street Triple RS | Silver Ice | At Triumph Escondido!,9495.00,Escondido,https://sandiego.craigslist.org/csd/mcd/d/chatsworth-2021-ducati-panigale-v4-sp/7897314291.html,https://images.craigslist.org/00t0t_34CaG9PujVY_0ww0oo_600x450.jpg
2018 Ducati Scrambler 800 Icon | Red | At Moto Forza!,6995.00,Escondido,https://dallas.craigslist.org/sdf/mcy/d/red-oak-2008-buell-1125r/7897314172.html,https://images.craigslist.org/00E0E_6lMPGHPWtDb_0ww0oo_600x450.jpg
2024 Harley-Davidson Nightster Special RH975S,9495.00,Phoenix,https://dallas.craigslist.org/sdf/mcy/d/red-oak-2008-harley-rocker/7897313903.html,https://images.craigslist.org/01515_2flCpg9A1eZ_0CI0t2_600x450.jpg
2000 Fatboy HD,5500.00,Meridian,https://losangeles.craigslist.org/sfv/mcd/d/chatsworth-2025-kawasaki-ninja-1100sx/7897313811.html,https://images.craigslist.org/00D0D_b3U7qC5wsUY_0CI0t2_600x450.jpg
2018 Harley Davidson Street Glide FLHX,12895.00,Phoenix,https://losangeles.craigslist.org/sfv/mcd/d/chatsworth-2014-yamaha-max-v4-1679/7897313346.html,https://images.craigslist.org/00K0K_UydWpTReB5_0CI0t2_600x450.jpg
2024 BMW M 1000 R | At Moto Forza!,25995.00,Escondido,https://santabarbara.craigslist.org/mcy/d/carpinteria-bmw-airhead-r60/7897309546.html,https://images.craigslist.org/00r0r_b2c2YsQsNS1_0uY0ne_600x450.jpg
2025 Ducati V4 Panigale | Red | At Moto Forza!,25995.00,Escondido,https://losangeles.craigslist.org/sfv/mcd/d/chatsworth-2026-yamaha-yz-th/7897307433.html,https://images.craigslist.org/00000_5Wm1mEeSXOQ_0uY0ne_600x450.jpg
2014 Harley Davidson,7000.00,Dana Point,https://ventura.craigslist.org/mcy/d/santa-paula-2023-ktm-300xc/7897306873.html,https://images.craigslist.org/00Q0Q_3Ux2SO0WGo3_0CI0t2_600x450.jpg
2024 Triumph Scrambler 1200 XE | Orange/Black | At Triumph Escondido,13569.00,Escondido,https://losangeles.craigslist.org/lac/mcy/d/los-angeles-2025-yamaha-r7-750-cc/7897305101.html,https://images.craigslist.org/00202_5nZ6u0Y8Ga0_0uY0ne_600x450.jpg
2012 Harley-Davidson FLHX - Street Glide SKU:C03971 V Twin,13995.00,Folsom,https://boise.craigslist.org/mcy/d/boise-2023-ktm-390/7897304299.html,https://images.craigslist.org/00I0I_cgO5H0UALZO_0gw0co_600x450.jpg
1980 Ducati Darmah SD 900,10500.00,Littleton,https://minneapolis.craigslist.org/hnp/mcd/d/forest-lake-2026-black-kawasaki-ninja/7897303957.html,https://images.craigslist.org/00A0A_8qsZ8ktTJXv_0CI0r1_600x450.jpg
Honda Ruckus 2023,3000.00,Bend,https://orangecounty.craigslist.org/mcy/d/whittier-year-anniversary-harley/7897300785.html,https://images.craigslist.org/00O0O_l5RJaS8IYKt_0t20CI_600x450.jpg
2018 Honda Shadow Phantom VT750C2B - 5k Miles,5200.00,Oceanside,https://madison.craigslist.org/mcy/d/antigo-2009-suzuki-burgman-650/7897298401.html,https://images.craigslist.org/01414_5YB6miqHXsg_1320MM_600x450.jpg
2007 Harley Davidson Heritage softail,9000.00,Glendora,https://sandiego.craigslist.org/nsd/mcy/d/san-diego-2023-bmw-rninet-urba-s/7897298016.html,https://images.craigslist.org/00505_3DzHtr4vvF6_0lM0t2_600x450.jpg
2025 Royal Enfield Himalayan 450***SLATE SALT***,5899.00,San Diego,https://sacramento.craigslist.org/mcy/d/sacramento-2009-vespa-lx150-great/7897297559.html,https://images.craigslist.org/00f0f_c5N0lVVqAoq_0x20oM_600x450.jpg
2023 Kawasaki KX 65,2800.00,Portland,https://mohave.craigslist.org/mcy/d/lake-havasu-city-2004-honda-crf450r/7897296780.html,https://images.craigslist.org/00808_9zw2WCR4cI0_0CI0t2_600x450.jpg
2024 Triumph Street Triple 765 RS***MOTO 2 Tech!***,9495.00,San Diego,https://elpaso.craigslist.org/mcy/d/el-paso-2016-harley-davidson-breakout/7897294854.html,https://images.craigslist.org/00C0C_atC0whKALkH_0x20oM_600x450.jpg
MacFox X7 E Bike,1399.00,Rancho Cordova,https://seattle.craigslist.org/see/mcd/d/kent-2007-suzuki-strom-650-abs/7897293115.html,https://images.craigslist.org/00Z0Z_3OJQotTxF6R_05d05M_600x450.jpg
2015 Can-Am Spyder F3-S (SM6),7888.00,Las Vegas,https://losangeles.craigslist.org/lac/mcy/d/los-angeles-2005-swift-bar-chopper/7897292779.html,https://images.craigslist.org/00j0j_jF4uS1bfn3b_0iH0e1_600x450.jpg
2025 ERIDE PRO SS 3.0,5599.00,Albuquerque,https://losangeles.craigslist.org/lac/mcy/d/los-angeles-harley-davidson-fat-boy-103/7897292345.html,https://images.craigslist.org/01212_4XnDKU2OF3n_0gw09i_600x450.jpg
2026 Yamaha PW50,1999.00,Central Point,https://houston.craigslist.org/mcd/d/houston-2021-harley-davidson-street-bob/7897290521.html,https://images.craigslist.org/01010_5JWKBbM4cP2_0gw0co_600x450.jpg
2021 Harley-Davidson FLH - Electra Glide Revival,21999.00,Big Bend,https://houston.craigslist.org/mcd/d/houston-2022-bmw-1800-road-king/7897290360.html,https://images.craigslist.org/00r0r_4pZvHGdVIRa_0gw0co_600x450.jpg
2025 Yamaha MT-10 SP - Your Dream Xmas Present!,15200.00,West Sacramento,https://houston.craigslist.org/mcd/d/houston-2021-harley-davidson-road-glide/7897290103.html,https://images.craigslist.org/00000_3nj9rLniu7p_0Cz0t2_600x450.jpg
2015 Yamaha TTR125LE,3795.00,Escondido,https://orangecounty.craigslist.org/mcy/d/ventura-private-motorcycle-collection/7897286801.html,https://images.craigslist.org/00k0k_1yDToKZx0a4_0ww0oo_600x450.jpg
2021 M/C REBEL 300 ABS,3800.00,Pflugerville,https://losangeles.craigslist.org/sfv/mcd/d/chatsworth-2025-kawasaki-ninja-zx-4rr/7897286646.html,https://images.craigslist.org/00808_g1nHWgPWYFX_0CI0t2_600x450.jpg
1999 Honda Goldwing SE,4900.00,Carnation,https://seattle.craigslist.org/see/mcy/d/vashon-sold-honda-monkeys/7897286526.html,https://images.craigslist.org/00S0S_hSuUYbupsyR_0t20t2_600x450.jpg
93 Yamaha GTS 1000 1of 800 ultra rare nov 26 reg,2100.00,San Diego,https://seattle.craigslist.org/see/mcd/d/salem-2025-gas-gas-ec250-new-bike-save/7897286489.html,https://images.craigslist.org/00H0H_iJT5TZTHvXi_0t20CI_600x450.jpg
2025 Honda Monkey,4200.00,Buckeye,https://losangeles.craigslist.org/sfv/mcy/d/oxnard-private-motorcycle-collection/7897286283.html,https://images.craigslist.org/00202_fjhqkEU5LJN_0rm0kw_600x450.jpg
2019 Street Bob,10000.00,San Diego,https://losangeles.craigslist.org/sfv/mcd/d/chatsworth-2025-kawasaki-z900-abs/7897286200.html,https://images.craigslist.org/00S0S_ckpzbnqCcJn_0hT0CI_600x450.jpg
2022 Triumph Street Triple R Low #6065,11965.00,Lacey,https://seattle.craigslist.org/see/mcd/d/salem-2025-gas-gas-ex300-stroke-save/7897285958.html,https://images.craigslist.org/01212_6hWPo9lrMXd_0CI0pO_600x450.jpg
2023 HONDA Super Cub,3599.00,Phoenix,https://spokane.craigslist.org/mcd/d/coeur-alene-2021-gas-gas-txt-stroke/7897285876.html,https://images.craigslist.org/00A0A_gcXDvrI0wqk_0CI0t2_600x450.jpg
2006 Honda VTX1300R VTX1300 VTX 1300 R Silver Cruiser Must See!,3995.00,Mesa,https://spokane.craigslist.org/mcy/d/spokane-bmw-k1200s/7897285781.html,https://images.craigslist.org/00w0w_kYyQmFOWnJY_0CI0lO_600x450.jpg
1977 IRONHEAD,12500.00,Flagstaff,https://spokane.craigslist.org/mcd/d/coeur-alene-2014-harley-davidson-flhxs/7897285769.html,https://images.craigslist.org/00909_1dHLtBaAY6B_0CI0t2_600x450.jpg
2008 Big Dog Pitbull Pit Bull Custom Chopper 117CI S&S 1K Miles CLEAN!,11995.00,Mesa,https://sandiego.craigslist.org/nsd/mcd/d/escondido-2025-triumph-speedmaster/7897285747.html,https://images.craigslist.org/00P0P_9E4P7i6SNP9_0CI0jm_600x450.jpg
2005 Big Dog Bulldog Custom Chopper 117CI S&S 3K Miles! CLEAN!!,11995.00,Mesa,https://seattle.craigslist.org/kit/mcy/d/bainbridge-island-2024-honda-crf150r/7897285741.html,https://images.craigslist.org/01616_9EbA6e4pdIy_0CI0jQ_600x450.jpg
2009 Yamaha Vino 125cc Scooter,1550.00,Morgan Hill,https://sfbay.craigslist.org/sby/mcy/d/morgan-hill-2009-yamaha-vino-125cc/7902910104.html,https://images.craigslist.org/01414_iQ9ZNMpMqEW_0CI0lM_600x450.jpg
2024 BMW GS R1300,20000.00,Stockton,https://modesto.craigslist.org/mcy/d/stockton-2024-bmw-gs-r1300/7902909613.html,https://images.craigslist.org/00P0P_hKvsiQXSey1_0t20CI_600x450.jpg
2018 Honda CBR650F,7000.00,Omaha,https://omaha.craigslist.org/mcy/d/omaha-2018-honda-cbr650f/7902909067.html,https://images.craigslist.org/00v0v_iNtyTUD8PzV_0CI0t2_600x450.jpg
2023 Sherco 300 SE Factory,7800.00,North Lakewood,https://seattle.craigslist.org/sno/mcy/d/north-lakewood-2023-sherco-300-se/7902909040.html,https://images.craigslist.org/00g0g_h8lLWsgHCoz_0CI0t2_600x450.jpg
2019 Harley-Davidson Softail FXBB - Street Bob SKU:U66758 V Twin,11995.00,Folsom,https://sfbay.craigslist.org/eby/mcd/d/folsom-2019-harley-davidson-softail/7902907580.html,https://images.craigslist.org/00w0w_dGJR65UnREn_0gw0co_600x450.jpg
2012 Harley street glide,14500.00,North Las Vegas,https://lasvegas.craigslist.org/mcy/d/north-las-vegas-2012-harley-street-glide/7902907086.html,https://images.craigslist.org/00w0w_grjLlLELVbY_0CI0t2_600x450.jpg
"2003 Harley CVO Duece 100th Ann Ed 10,984 Miles!",11500.00,Houston,https://houston.craigslist.org/mcy/d/houston-2003-harley-cvo-duece-100th-ann/7902906892.html,https://images.craigslist.org/00O0O_aYEhiI065wo_0wj0t2_600x450.jpg
2019 Harley-Davidson Softail FXBB - Street Bob SKU:U66758 V Twin,11995.00,Folsom,https://yubasutter.craigslist.org/mcd/d/folsom-2019-harley-davidson-softail/7902906573.html,https://images.craigslist.org/00w0w_dGJR65UnREn_0gw0co_600x450.jpg
1976 Goldwing GL1000 assembly,150.00,Roseburg,https://roseburg.craigslist.org/mcy/d/roseburg-1976-goldwing-gl1000-assembly/7902905892.html,https://images.craigslist.org/00C0C_4SEGDCXxwcK_07K0ak_600x450.jpg
2019 Harley-Davidson Softail FXBB - Street Bob SKU:U66758 V Twin,11995.00,Folsom,https://stockton.craigslist.org/mcd/d/folsom-2019-harley-davidson-softail/7902905495.html,https://images.craigslist.org/00w0w_dGJR65UnREn_0gw0co_600x450.jpg
2026 KAWASAKI KX 250 KX250 4STROKE MX MOTOCROSS SX CLEMS!,8999.00,Wilkeson,https://seattle.craigslist.org/skc/mcd/d/wilkeson-2026-kawasaki-kx-250-kx250/7902905264.html,https://images.craigslist.org/00x0x_9uX8kFBPp6w_0gw0co_600x450.jpg
2008 Kawasaki Vulcan 900,3500.00,Marana,https://tucson.craigslist.org/mcy/d/marana-2008-kawasaki-vulcan-900/7902904927.html,https://images.craigslist.org/00P0P_bUSfub4BRtg_0CI0t2_600x450.jpg
Vespa LX150,5500.00,Long Beach,https://losangeles.craigslist.org/lgb/mcy/d/long-beach-vespa-lx150/7902904147.html,https://images.craigslist.org/00Y0Y_5q7mNv5zHCe_0CI0CI_600x450.jpg
2025 ktm adventure r 890,14500.00,Phoenix,https://phoenix.craigslist.org/nph/mcy/d/phoenix-2025-ktm-adventure-890/7902904070.html,https://images.craigslist.org/00H0H_ddk1rHIm62i_0CI0t2_600x450.jpg
2019 Harley-Davidson Softail FXBB - Street Bob SKU:U66758 V Twin,11995.00,Folsom,https://sacramento.craigslist.org/mcd/d/folsom-2019-harley-davidson-softail/7902903116.html,https://images.craigslist.org/00w0w_dGJR65UnREn_0gw0co_600x450.jpg
2025 Kawasaki KLR 650 S SHORT ADV DS EXPLORE! MATTE GREEN SAVE $$$!,5949.00,Wilkeson,https://seattle.craigslist.org/skc/mcd/d/wilkeson-2025-kawasaki-klr-650-short/7902902987.html,https://images.craigslist.org/00J0J_kqgJdO6Nreo_0cU08C_600x450.jpg
1978 KAWASAKI LTD KZ1000 RUNS AND DRIVES GOOD,2900.00,Littlerock,https://chico.craigslist.org/mcy/d/princeton-1966-harley-davidson-flh/7902902624.html,https://images.craigslist.org/00S0S_7oUoAXuSrGx_0CI0s4_600x450.jpg
2010 Honda CBR600RR - 14k miles,5000.00,Hot Springs National Park,https://losangeles.craigslist.org/ant/mcy/d/littlerock-1978-kawasaki-ltd-kz1000/7902902302.html,https://images.craigslist.org/00z0z_3bQqsZJzrd8_0lM0t2_600x450.jpg
"2024 Suzuki V-Strom 800DE ABS ADVENTURE ADV DS SAVE $1,350 AT CLEMS",9999.00,Wilkeson,https://littlerock.craigslist.org/mcy/d/hot-springs-national-park-2010-honda/7902902132.html,https://images.craigslist.org/00p0p_3i5fHdttxK9_0gw0co_600x450.jpg
2024 Yamaha R7,8000.00,Castle Rock,https://yubasutter.craigslist.org/mcd/d/folsom-2018-harley-davidson-flhc/7902901941.html,https://images.craigslist.org/00808_fmc1oDEmhUk_0pO0CI_600x450.jpg
2024 Suzuki V-Strom 800,8900.00,Sioux Falls,https://seattle.craigslist.org/tac/mcd/d/wilkeson-2024-suzuki-strom-800de-abs/7902901859.html,https://images.craigslist.org/00V0V_dpQoEh2jzN4_0CI0mp_600x450.jpg
2007 YAMAHA V-Star,3200.00,Marionville,https://denver.craigslist.org/mcy/d/castle-rock-2024-yamaha-r7/7902901758.html,https://images.craigslist.org/00l0l_1iPRm0Oelpw_0CI0t2_600x450.jpg
2025 YAMAHA TENERE 700 ADV ADVENTURE DS DUALSPORT TFT DISPLAY @ CLEMS!,9999.00,Wilkeson,https://siouxfalls.craigslist.org/mcy/d/sioux-falls-2024-suzuki-strom-800/7902901191.html,https://images.craigslist.org/00101_l9j6R0qd0oc_0gw0co_600x450.jpg
2017 street glide special,17000.00,Riverside,https://springfield.craigslist.org/mcy/d/marionville-2007-yamaha-star/7902900878.html,https://images.craigslist.org/00o0o_7uSqqA7fhxr_0t20CI_600x450.jpg
Pitster pro 125 Sherpa,1100.00,Truckee,https://stockton.craigslist.org/mcd/d/folsom-2018-harley-davidson-flhc/7902900732.html,https://images.craigslist.org/00t0t_4TtTbpNOhUD_0CI0t2_600x450.jpg
2025 Ninja 500 ABS,5000.00,Saint Louis,https://seattle.craigslist.org/see/mcd/d/wilkeson-2025-yamaha-tenere-700-adv/7902900594.html,https://images.craigslist.org/00U0U_2QWhqTnw8r9_0t20CI_600x450.jpg
2025 Indian Sport Scout +Tech,14900.00,Carpinteria,https://inlandempire.craigslist.org/mcy/d/riverside-2017-street-glide-special/7902900420.html,https://images.craigslist.org/00u0u_jo1GPW6Iurg_0CI0t2_600x450.jpg
2009 Harley Davidson Heritage with trike kit,13800.00,Fallbrook,https://orangecounty.craigslist.org/mcy/d/garden-grove-1998-harley-davidson-dyna/7902899683.html,https://images.craigslist.org/00P0P_3fwnPZS7twA_0t20CI_600x450.jpg
Road king 2002,8500.00,Fort Collins,https://reno.craigslist.org/mcy/d/truckee-pitster-pro-125-sherpa/7902899549.html,https://images.craigslist.org/00L0L_iOQQWo8Wuho_0t20CI_600x450.jpg
2017 Harley-Davidson FLTRXS - Road Glide Special SKU:u55224 V Tw,17995.00,Folsom,https://sfbay.craigslist.org/eby/mcd/d/folsom-2018-harley-davidson-flhc/7902899443.html,https://images.craigslist.org/01010_78Qh1cU9I9I_0gw0co_600x450.jpg
2017 Harley-Davidson FLTRXS - Road Glide Special SKU:u55224 V Tw,17995.00,Folsom,https://stlouis.craigslist.org/mcy/d/saint-louis-2025-ninja-500-abs/7902899316.html,https://images.craigslist.org/01010_78Qh1cU9I9I_0gw0co_600x450.jpg
2017 Harley-Davidson FLTRXS - Road Glide Special SKU:u55224 V Tw,17995.00,Folsom,https://santabarbara.craigslist.org/mcy/d/carpinteria-2025-indian-sport-scout-tech/7902898746.html,https://images.craigslist.org/01010_78Qh1cU9I9I_0gw0co_600x450.jpg
Genuine Roughhouse 50 SPORT!,2499.00,Seattle,https://sandiego.craigslist.org/nsd/mcy/d/fallbrook-2009-harley-davidson-heritage/7902898621.html,https://images.craigslist.org/00M0M_jtPatL3nnhR_0t20t2_600x450.jpg
Custom Indian low miles,16000.00,Redlands,https://sacramento.craigslist.org/mcd/d/folsom-2018-harley-davidson-flhc/7902898150.html,https://images.craigslist.org/00U0U_a1Pxo7xvSIm_0d30t2_600x450.jpg
2017 Harley-Davidson FLTRXS - Road Glide Special SKU:u55224 V Tw,17995.00,Folsom,https://fortcollins.craigslist.org/mcy/d/fort-collins-road-king-2002/7902897903.html,https://images.craigslist.org/01010_78Qh1cU9I9I_0gw0co_600x450.jpg
2013 HARLEY DAVIDSON ELECTRA GLIDE LIMITED,6495.00,Denver,https://yubasutter.craigslist.org/mcd/d/folsom-2017-harley-davidson-fltrxs-road/7902896452.html,https://images.craigslist.org/00909_aU5JWppIP6j_0uY0kE_600x450.jpg
Coleman 110 cc mini dirtbike,500.00,Fort Collins,https://stockton.craigslist.org/mcd/d/folsom-2017-harley-davidson-fltrxs-road/7902894983.html,https://images.craigslist.org/00u0u_5HhuvpYt9q8_0CI0hU_600x450.jpg
2017 Harley-Davidson FLTRXS - Road Glide Special SKU:U79425 V Tw,15995.00,Folsom,https://sfbay.craigslist.org/eby/mcd/d/folsom-2017-harley-davidson-fltrxs-road/7902893340.html,https://images.craigslist.org/00w0w_5AgKnhlhQpb_0gw0co_600x450.jpg
2002 Honda Silverwing,2800.00,San Diego,https://indianapolis.craigslist.org/mcy/d/indianapolis-have-clean-title/7902892707.html,https://images.craigslist.org/00Y0Y_6sSCER6d4lJ_09G0cU_600x450.jpg
Yamaha TTR125,1900.00,Chatsworth,https://seattle.craigslist.org/see/mcd/d/seattle-genuine-roughhouse-50-sport/7902892371.html,https://images.craigslist.org/00606_1XuDVyb86Am_0t20CI_600x450.jpg
"SRF 135 $1,999 cash price taxes and fees",1999.00,Clovis,https://inlandempire.craigslist.org/mcy/d/redlands-custom-indian-low-miles/7902891600.html,https://images.craigslist.org/00Z0Z_f9z1fEA0dvy_0CI0CI_600x450.jpg
"SRV 550 retro sport $3,499 cash price plus taxes and fees",3499.00,Clovis,https://sacramento.craigslist.org/mcd/d/folsom-2017-harley-davidson-fltrxs-road/7902891492.html,https://images.craigslist.org/00y0y_2rgSHAHRiFJ_0CI0CI_600x450.jpg
2017 Harley-Davidson FLTRXS - Road Glide Special SKU:U79425 V Tw,15995.00,Folsom,https://denver.craigslist.org/mcd/d/denver-2013-harley-davidson-electra/7902891305.html,https://images.craigslist.org/00w0w_5AgKnhlhQpb_0gw0co_600x450.jpg
1969 Honda ct 70,2800.00,Phoenix,https://fortcollins.craigslist.org/mcy/d/fort-collins-coleman-110-cc-mini/7902891023.html,https://images.craigslist.org/00p0p_BfpQtv3Jxb_0CI0t2_600x450.jpg
2015 GSX-S 750 - Like New,6000.00,Sparks,https://yubasutter.craigslist.org/mcd/d/folsom-2017-harley-davidson-fltrxs-road/7902889823.html,https://images.craigslist.org/00P0P_9He7soYws8B_0uY0ne_600x450.jpg
2008 bmw k1200 gt,5700.00,Inglewood,https://sandiego.craigslist.org/nsd/mcy/d/san-diego-2002-honda-silverwing/7902889629.html,https://images.craigslist.org/00Y0Y_4F7SNXJSijT_0dx0t2_600x450.jpg
"2017 BMW R nineT Scrambler â€“ 4,037 miles â€“ Rizoma / Daedalus Tail Tidy",8900.00,Irvine,https://losangeles.craigslist.org/sfv/mcy/d/chatsworth-yamaha-ttr125/7902888656.html,https://images.craigslist.org/00x0x_b6caK4GGETC_0kE0fu_600x450.jpg
2000 Harley-Davidson Sportster / One owner 7346 Miles,4900.00,Santa Fe,https://fresno.craigslist.org/mcd/d/clovis-srf-cash-price-taxes-and-fees/7902888625.html,https://images.craigslist.org/00g0g_9slw9uQkcf9_0CI0t2_600x450.jpg
2017 Harley-Davidson FLTRXS - Road Glide Special SKU:U79425 V Tw,15995.00,Folsom,https://fresno.craigslist.org/mcd/d/clovis-srv-550-retro-sport-3499-cash/7902888438.html,https://images.craigslist.org/00w0w_5AgKnhlhQpb_0gw0co_600x450.jpg
Honda CRF 300 L Rally,6000.00,Port Hueneme CBC Base,https://stockton.craigslist.org/mcd/d/folsom-2017-harley-davidson-fltrxs-road/7902888198.html,https://images.craigslist.org/00Z0Z_8sVga3B2WOU_0t20CI_600x450.jpg
Honda PCX 150,3900.00,Bend,https://phoenix.craigslist.org/nph/mcy/d/phoenix-1969-honda-ct-70/7902888086.html,https://images.craigslist.org/00Y0Y_7sONhw55TzZ_0lM0t2_600x450.jpg
2002 Yamaha FZ1,4500.00,Hermosa Beach,https://reno.craigslist.org/mcy/d/sparks-2015-gsx-like-new/7902887901.html,https://images.craigslist.org/00I0I_bBw1mtvnX1_0CI0t2_600x450.jpg
2021 YAMAHA YZF R1,16895.00,Rolling Meadows,https://losangeles.craigslist.org/wst/mcy/d/inglewood-2008-bmw-k1200-gt/7902887350.html,https://images.craigslist.org/01515_f2pJ9zHr1W4_0CI0t2_600x450.jpg
2017 Harley-Davidson FLTRXS - Road Glide Special SKU:U79425 V Tw,15995.00,Folsom,https://orangecounty.craigslist.org/mcy/d/irvine-2017-bmw-ninet-scrambler-miles/7902887218.html,https://images.craigslist.org/00w0w_5AgKnhlhQpb_0gw0co_600x450.jpg
2020 BMW K1600GT,16750.00,Frisco,https://albuquerque.craigslist.org/mcy/d/santa-fe-2000-harley-davidson-sportster/7902886702.html,https://images.craigslist.org/00E0E_1CjddgX4NcY_1320MM_600x450.jpg
"Three-wheeled mini golf cart $2,495 cash price plus taxes.",2495.00,Clovis,https://sfbay.craigslist.org/eby/mcd/d/folsom-2017-harley-davidson-fltrxs-road/7902886583.html,https://images.craigslist.org/00q0q_eYIzxFDabxM_0CI0CI_600x450.jpg
2017 Harley-Davidson FLTRXS - Road Glide Special SKU:U79106 V Tw,12995.00,Folsom,https://ventura.craigslist.org/mcy/d/port-hueneme-cbc-base-honda-crf-300/7902886495.html,https://images.craigslist.org/00W0W_db3aqbplLs9_0gw0co_600x450.jpg
"XL 250R $1,750 OBO",1750.00,Milliken,https://bend.craigslist.org/mcy/d/bend-honda-pcx-150/7902886041.html,https://images.craigslist.org/00K0K_ep4BGpVxcGf_0CI0rW_600x450.jpg
2004 Harley-Davidson FLHTCUI Ultra Classic Electra Glide,6000.00,Saint Cloud,https://losangeles.craigslist.org/wst/mcy/d/hermosa-beach-2002-yamaha-fz1/7902885922.html,https://images.craigslist.org/01111_a4xwOGkIq4U_0t20CI_600x450.jpg
2018 HD Fat Boy,18500.00,Warren,https://chicago.craigslist.org/nwc/mcd/d/rolling-meadows-2021-yamaha-yzf-r1/7902885167.html,https://images.craigslist.org/00101_4nMxQ6zxbNT_0t20CI_600x450.jpg
1998 harley davidson aniversary custom bike,9250.00,Canton,https://sacramento.craigslist.org/mcd/d/folsom-2017-harley-davidson-fltrxs-road/7902884952.html,https://images.craigslist.org/00I0I_lsKsL7475vc_0i90a9_600x450.jpg
"Apollo thunder 300 DLX $3,295",3295.00,Clovis,https://dallas.craigslist.org/ndf/mcy/d/frisco-2020-bmw-k1600gt/7902883886.html,https://images.craigslist.org/00s0s_i2AI8jmPQde_0CI0CI_600x450.jpg
1977 Yamaha XT500 Vintage 70s Motorcycle,1000.00,Los Angeles,https://fresno.craigslist.org/mcd/d/clovis-three-wheeled-mini-golf-cart/7902883491.html,https://images.craigslist.org/00s0s_e7JXsjuktml_0CI0t2_600x450.jpg
Plated Yamaha 450cc,3995.00,Los Angeles,https://yubasutter.craigslist.org/mcd/d/folsom-2017-harley-davidson-fltrxs-road/7902882890.html,https://images.craigslist.org/00u0u_gcYG2dfA6hi_0t20CI_600x450.jpg
"Apollo x5 4 speed dirt bike $1,595 cash price plus taxes and fees",1595.00,Clovis,https://fortcollins.craigslist.org/mcy/d/milliken-xl-250r-1750-obo/7902882664.html,https://images.craigslist.org/00W0W_9OqxgsOhOcV_0CI0CI_600x450.jpg
2017 Harley-Davidson FLTRXS - Road Glide Special SKU:U79106 V Tw,12995.00,Folsom,https://stcloud.craigslist.org/mcy/d/saint-cloud-2004-harley-davidson/7902882325.html,https://images.craigslist.org/00W0W_db3aqbplLs9_0gw0co_600x450.jpg
Harley Davidson  Heritage Softail,8500.00,Anderson,https://portland.craigslist.org/mlt/mcy/d/warren-2018-hd-fat-boy/7902882267.html,https://images.craigslist.org/01111_fve2rE9omYF_0CI0t2_600x450.jpg
2022 Can-Am Ryker 600cc 3224 miles,8500.00,El Sobrante,https://dallas.craigslist.org/dal/mcy/d/canton-1998-harley-davidson-aniversary/7902882059.html,https://images.craigslist.org/00j0j_aX662J6Yplu_0x20oM_600x450.jpg
2002 Yamaha V-Star 1100,4000.00,El Mirage,https://fresno.craigslist.org/mcd/d/clovis-apollo-thunder-300-dlx-3295/7902881959.html,https://images.craigslist.org/00q0q_3PxGDLlo1aW_0CI0t2_600x450.jpg
2017 Harley-Davidson FLTRXS - Road Glide Special SKU:U79106 V Tw,12995.00,Folsom,https://losangeles.craigslist.org/lac/mcy/d/los-angeles-1977-yamaha-xt500-vintage/7902881655.html,https://images.craigslist.org/00W0W_db3aqbplLs9_0gw0co_600x450.jpg
Vespa ET2,2000.00,Los Angeles,https://losangeles.craigslist.org/wst/mcy/d/los-angeles-plated-yamaha-450cc/7902881295.html,https://images.craigslist.org/00u0u_2L3KxnXzLaD_0t20CI_600x450.jpg
New 2025 Rokon Trail Breaker AWD Motorcycle Rare Color!,9695.00,Hildale,https://fresno.craigslist.org/mcd/d/clovis-apollo-x5-speed-dirt-bike-1595/7902881287.html,https://images.craigslist.org/00y0y_hgtpJJS3CiC_0CI0t2_600x450.jpg
Honda Trail 125 with Corbin front and rear seats,3900.00,Los Angeles,https://fresno.craigslist.org/mcd/d/clovis-three-wheeled-mini-golf-cart/7902880681.html,https://images.craigslist.org/00404_7bIC0XyOtRC_0tl0CI_600x450.jpg
New 2025 Rokon Trail Breaker AWD Motorcycle Rare Color!,9695.00,La Verkin,https://stockton.craigslist.org/mcd/d/folsom-2017-harley-davidson-fltrxs-road/7902880512.html,https://images.craigslist.org/00y0y_hgtpJJS3CiC_0CI0t2_600x450.jpg
1971 Honda SL100 Original Unrestored 365 miles,4900.00,Scottsdale,https://redding.craigslist.org/mcy/d/anderson-harley-davidson-heritage/7902880086.html,https://images.craigslist.org/00w0w_gpDVs4IhxhD_0CI0t2_600x450.jpg
2017 Harley-Davidson FLTRXS - Road Glide Special SKU:U79106 V Tw,12995.00,Folsom,https://sfbay.craigslist.org/eby/mcy/d/el-sobrante-2022-can-am-ryker-600cc/7902879151.html,https://images.craigslist.org/00W0W_db3aqbplLs9_0gw0co_600x450.jpg
KTM 1290 SUPER ADVENTURE S.  Discounted $7350  NW Euro Cycles,13995.00,Tacoma,https://phoenix.craigslist.org/wvl/mcy/d/el-mirage-2002-yamaha-star-1100/7902879050.html,https://images.craigslist.org/01010_6AWMZpot0XH_0CI0oR_600x450.jpg
New 50cc & 70cc dirtbikes !!sale!!,699.00,Modesto,https://sfbay.craigslist.org/eby/mcd/d/folsom-2017-harley-davidson-fltrxs-road/7902878621.html,https://images.craigslist.org/01717_2iT40jEo6Rt_0t20CI_600x450.jpg
Night rod special,9000.00,Encinitas,https://losangeles.craigslist.org/lac/mcy/d/los-angeles-vespa-et2/7902878495.html,https://images.craigslist.org/00202_e7fRc0vDHcq_0CI0lM_600x450.jpg
Ktm1290R,12000.00,Brighton,https://eastidaho.craigslist.org/mcd/d/hildale-new-2025-rokon-trail-breaker/7902878157.html,https://images.craigslist.org/01111_3buA29tXtg5_0t20CI_600x450.jpg
2009 Harley-Davidson FLHX - Street Glide SKU:U06489 V Twin 1584,10995.00,Folsom,https://westslope.craigslist.org/mcd/d/hildale-new-2025-rokon-trail-breaker/7902877603.html,https://images.craigslist.org/01717_4smzIY8lIiQ_0gw0co_600x450.jpg
2005 Suzuki Hayabusa 1300ccðŸ”¥,7450.00,Oxnard,https://losangeles.craigslist.org/lac/mcy/d/los-angeles-honda-trail-125-with-corbin/7902877460.html,https://images.craigslist.org/01313_9H3KI3UCHIR_0CI0lM_600x450.jpg
Lance Havana Classic 50,2000.00,Seattle,https://stgeorge.craigslist.org/mcd/d/la-verkin-new-2025-rokon-trail-breaker/7902877166.html,https://images.craigslist.org/00L0L_k6MMF6QOa4m_0t20t2_600x450.jpg
Mobility scooter,500.00,Olympia,https://lasvegas.craigslist.org/mcy/d/scottsdale-1971-honda-sl100-original/7902876881.html,https://images.craigslist.org/00X0X_eYFoLr4aLup_1320MM_600x450.jpg
2009 Harley-Davidson FLHX - Street Glide SKU:U06489 V Twin 1584,10995.00,Folsom,https://sacramento.craigslist.org/mcd/d/folsom-2017-harley-davidson-fltrxs-road/7902876786.html,https://images.craigslist.org/01717_4smzIY8lIiQ_0gw0co_600x450.jpg
05 Anniversary Fatboy,7800.00,Canby,https://seattle.craigslist.org/tac/mcd/d/tacoma-ktm-1290-super-adventure/7902875899.html,https://images.craigslist.org/00303_gLoaCLyYnX7_0t20CI_600x450.jpg
2005 Suzuki Hayabusa 1300ccðŸ”¥,7450.00,Oxnard,https://modesto.craigslist.org/mcd/d/modesto-new-50cc-70cc-dirtbikes-sale/7902875555.html,https://images.craigslist.org/01313_9H3KI3UCHIR_0CI0lM_600x450.jpg
1999 Indian Gilroy Chief Cruiser One Owner! Low Miles! Must See!,9995.00,Mesa,https://sandiego.craigslist.org/nsd/mcy/d/encinitas-night-rod-special/7902875165.html,https://images.craigslist.org/00A0A_av9XFm7FDM7_0CI0lG_600x450.jpg
2009 Harley-Davidson FLHX - Street Glide SKU:U06489 V Twin 1584,10995.00,Folsom,https://denver.craigslist.org/mcy/d/brighton-ktm1290r/7902875163.html,https://images.craigslist.org/01717_4smzIY8lIiQ_0gw0co_600x450.jpg
.Scooter & Lift,1950.00,Mesquite,https://yubasutter.craigslist.org/mcd/d/folsom-2009-harley-davidson-flhx-street/7902874907.html,https://images.craigslist.org/00Y0Y_4XinmZHkTbP_0t20CI_600x450.jpg
Harley Davidson,7500.00,Pueblo,https://fortcollins.craigslist.org/mcd/d/timnath-2024-indian-scout-bobber-sixty/7902873703.html,https://images.craigslist.org/00z0z_dOyc3LiZE6k_0hq0ne_600x450.jpg
Suzuki Burgman 650,4000.00,Mesa,https://losangeles.craigslist.org/lac/mcy/d/oxnard-2005-suzuki-hayabusa-1300cc/7902873386.html,https://images.craigslist.org/00Y0Y_dkbl3kJ86hA_0CI0sZ_600x450.jpg
2011 Harley Davidson Dyna Wide Glide,6500.00,Windsor,https://seattle.craigslist.org/see/mcd/d/seattle-lance-havana-classic-50/7902873067.html,https://images.craigslist.org/00L0L_bAEvwBFToz5_0t20CI_600x450.jpg
2018 Harley-DavidsonÂ® FLHRXS - Road KingÂ® Special,13795.00,Tempe,https://seattle.craigslist.org/oly/mcy/d/olympia-mobility-scooter/7902873064.html,https://images.craigslist.org/00P0P_e5KEPfmHNqb_0CI0hq_600x450.jpg
2009 Harley-Davidson FLHX - Street Glide SKU:U06489 V Twin 1584,10995.00,Folsom,https://stockton.craigslist.org/mcd/d/folsom-2009-harley-davidson-flhx-street/7902873056.html,https://images.craigslist.org/01717_4smzIY8lIiQ_0gw0co_600x450.jpg
2023 NORDEN 901,8999.00,Reno,https://portland.craigslist.org/clc/mcy/d/canby-05-anniversary-fatboy/7902872954.html,https://images.craigslist.org/00L0L_6uGOYsLNVdM_0jc0t2_600x450.jpg
2016 Harley-Davidson FLTRXS - Road Glide Special SKU:U04787 V Tw,16995.00,Folsom,https://ventura.craigslist.org/mcy/d/oxnard-2005-suzuki-hayabusa-1300cc/7902871622.html,https://images.craigslist.org/00D0D_j2HGpwaThVc_0gw0co_600x450.jpg
2017 Dyna Wide Glide-Low Miles!,10000.00,Colorado Springs,https://phoenix.craigslist.org/evl/mcd/d/mesa-1999-indian-gilroy-chief-cruiser/7902871444.html,https://images.craigslist.org/00k0k_jzeicUsBrYQ_0CI0lN_600x450.jpg
2017 KTM 250SX,4500.00,Tehachapi,https://sfbay.craigslist.org/eby/mcd/d/folsom-2009-harley-davidson-flhx-street/7902871046.html,https://images.craigslist.org/00u0u_jGf8UFDI0dz_0t20CI_600x450.jpg
2016 Harley-Davidson FLTRXS - Road Glide Special SKU:U04787 V Tw,16995.00,Folsom,https://stgeorge.craigslist.org/mcy/d/mesquite-scooter-lift/7902870642.html,https://images.craigslist.org/00D0D_j2HGpwaThVc_0gw0co_600x450.jpg
Harley Davidson,21000.00,Sacramento,https://pueblo.craigslist.org/mcy/d/pueblo-harley-davidson/7902870450.html,https://images.craigslist.org/00a0a_3pEYjgpFRT0_0CI0t2_600x450.jpg
1985 Honda Shadow VT700C Bobber,3200.00,Denton,https://phoenix.craigslist.org/evl/mcy/d/mesa-suzuki-burgman-650/7902870304.html,https://images.craigslist.org/00D0D_SnX9H6CGtM_0Cz0t2_600x450.jpg
2016 Harley-Davidson FLTRXS - Road Glide Special SKU:U04787 V Tw,16995.00,Folsom,https://fortcollins.craigslist.org/mcy/d/windsor-2011-harley-davidson-dyna-wide/7902870123.html,https://images.craigslist.org/00D0D_j2HGpwaThVc_0gw0co_600x450.jpg
Suzuki RS 175 - 1980,2899.00,Redding,https://phoenix.craigslist.org/evl/mcd/d/tempe-2018-harley-davidson-flhrxs-road/7902868964.html,https://images.craigslist.org/00H0H_flDrMOjHPuY_0CI0t1_600x450.jpg
2005 KTM 50,1100.00,San Marcos,https://sacramento.craigslist.org/mcd/d/folsom-2009-harley-davidson-flhx-street/7902868690.html,https://images.craigslist.org/00Y0Y_6rtSEPlvbhh_07L0ak_600x450.jpg
2016 Harley-Davidson FLTRXS - Road Glide Special SKU:U04787 V Tw,16995.00,Folsom,https://reno.craigslist.org/mcy/d/reno-2023-norden-901/7902868544.html,https://images.craigslist.org/00D0D_j2HGpwaThVc_0gw0co_600x450.jpg
2008 Harley Davidson FLHTCU Ultra Classic Electra Glide Touring Black,7995.00,Mesa,https://yubasutter.craigslist.org/mcd/d/folsom-2016-harley-davidson-fltrxs-road/7902866456.html,https://images.craigslist.org/00e0e_bGh53HH9yQX_0CI0mD_600x450.jpg
1974 Honda Elsinore MR 50,3500.00,Corning,https://cosprings.craigslist.org/mcy/d/colorado-springs-2017-dyna-wide-glide/7902865946.html,https://images.craigslist.org/00Q0Q_9mixP7smshO_0CI0t2_600x450.jpg
2022 BMW 1250 GSA Adventure Rally,19500.00,Thousand Oaks,https://bakersfield.craigslist.org/mcy/d/tehachapi-2017-ktm-250sx/7902865030.html,https://images.craigslist.org/00O0O_4J7gPum3LRH_0CI0t2_600x450.jpg
2025 Can-Am Ryker Sport,12499.00,Central Point,https://stockton.craigslist.org/mcd/d/folsom-2016-harley-davidson-fltrxs-road/7902864170.html,https://images.craigslist.org/01313_24DS1rhwWPq_0gw0co_600x450.jpg
2020 Honda Grom,2599.00,Big Bend,https://sacramento.craigslist.org/mcy/d/sacramento-harley-davidson/7902863810.html,https://images.craigslist.org/00a0a_3eudT8HCXez_0gw0co_600x450.jpg
125cc Icebear Champion Christmas Special,1500.00,Springfield,https://portland.craigslist.org/mlt/mcy/d/portland-2008-boulevard-with-many-extras/7902862367.html,https://images.craigslist.org/00Z0Z_2keKkvXD85N_0wU0eO_600x450.jpg
150cc RPS Viper Christmas Special,1750.00,Springfield,https://dallas.craigslist.org/ndf/mcy/d/denton-1985-honda-shadow-vt700c-bobber/7902862346.html,https://images.craigslist.org/00Z0Z_4MXVUKH01aK_04d04d_600x450.jpg
2003 Road King Harley Davidson,3800.00,Valencia,https://sfbay.craigslist.org/eby/mcd/d/folsom-2016-harley-davidson-fltrxs-road/7902862025.html,https://images.craigslist.org/00u0u_ieMkRc1qI2Q_0CI0t2_600x450.jpg
Harley Davidson 1989 FXSTC 1340 Softail Custom,7000.00,Escondido,https://redding.craigslist.org/mcy/d/redding-suzuki-rs/7902861762.html,https://images.craigslist.org/01313_cvY2mzioGPw_0cU09G_600x450.jpg
2020 BMW F 750 GS PREMIUM 853cc *702 MILES LIKE NEW* 1 OREGON OWNER *,9999.00,Portland,https://sandiego.craigslist.org/nsd/mcy/d/san-marcos-2005-ktm-50/7902860767.html,https://images.craigslist.org/00m0m_78IABmHWtoz_0fu0gd_600x450.jpg
Electric Scooter,250.00,Fayetteville,https://sacramento.craigslist.org/mcd/d/folsom-2016-harley-davidson-fltrxs-road/7902859823.html,https://images.craigslist.org/00p0p_kEbYPu82rsA_0CI0t2_600x450.jpg
2013 Triumph Tiger,4988.00,Tacoma,https://seattle.craigslist.org/see/mcd/d/kittitas-new-2022-ssr-sr150-electric/7902859397.html,https://images.craigslist.org/01111_20W1hn1HiZB_0g70dI_600x450.jpg
2009 KTM 450xcf,2800.00,Corvallis,https://yakima.craigslist.org/mcd/d/kittitas-new-2022-ssr-sr150-dirt-bike/7902859312.html,https://images.craigslist.org/00808_dXfgmU56W9B_08I08I_600x450.jpg
2024 Suzuki GSX-S 8R,9988.00,Tacoma,https://seattle.craigslist.org/see/mcd/d/kittitas-new-2025-honda-xr150l-dual/7902859240.html,https://images.craigslist.org/00M0M_c1TpDeNkzHS_0fM0da_600x450.jpg
2010 Suzuki GSXR750,5200.00,Los Angeles,https://yakima.craigslist.org/mcd/d/kittitas-2025-honda-xr150l-dual-purpose/7902859156.html,https://images.craigslist.org/00F0F_gmRUD3r03zc_0CI0t2_600x450.jpg
2023 Husqvarna FX 350 Heritage,7999.00,Stayton,https://yakima.craigslist.org/mcd/d/kittitas-new-2025-honda-dax-125-bike/7902859074.html,https://images.craigslist.org/00M0M_h2Tweipt7UY_0gw0co_600x450.jpg
2018 KAWASAKI KX 65 FOR SALE!!,3350.00,Hanford,https://seattle.craigslist.org/see/mcd/d/kittitas-new-2025-honda-dax-125/7902858988.html,https://images.craigslist.org/00C0C_2gi1oaTQ9uv_0t20CI_600x450.jpg
2013 SUZUKI HAYABUSA,8988.00,Tacoma,https://phoenix.craigslist.org/evl/mcd/d/mesa-2008-harley-davidson-flhtcu-ultra/7902858043.html,https://images.craigslist.org/00B0B_cW6fOeEx63z_0fM0db_600x450.jpg
2010 Suzuki GSXR750,5500.00,Los Angeles,https://redding.craigslist.org/mcy/d/corning-1974-honda-elsinore-mr-50/7902857461.html,https://images.craigslist.org/01010_llu3qX8rnB5_0CI0t2_600x450.jpg
2025 Honda CB650R E-Clutch,9399.00,Houston,https://ventura.craigslist.org/mcy/d/thousand-oaks-2022-bmw-1250-gsa/7902855469.html,https://images.craigslist.org/00303_bcYsP4AcRQ6_0gw0co_600x450.jpg
Foldable scooter,489.00,Magnolia,https://medford.craigslist.org/mcd/d/central-point-2025-can-am-ryker-sport/7902854996.html,https://images.craigslist.org/00H0H_5pA3IWMEWMR_0t20CI_600x450.jpg
2024 Yamaha R7 Warranty Financing Delivery,7495.00,Arcadia,https://milwaukee.craigslist.org/mcd/d/big-bend-2020-honda-grom/7902854973.html,https://images.craigslist.org/00Z0Z_7tN3ep4uWW3_0CI0t2_600x450.jpg
2019 Harley-davidson Fat Bob 114,16500.00,Crowley,https://springfield.craigslist.org/mcd/d/springfield-125cc-icebear-champion/7902854975.html,https://images.craigslist.org/00q0q_1Zb9xBh75yr_0CI0t2_600x450.jpg
2014 Yamaha R6 Financing Delivery,7995.00,Arcadia,https://springfield.craigslist.org/mcd/d/springfield-150cc-rps-viper-christmas/7902854742.html,https://images.craigslist.org/00Z0Z_1JW7mPtq3pV_0CI0t2_600x450.jpg
2025 Triumph TF 450-RC Edition,6745.00,Costa Mesa,https://sandiego.craigslist.org/esd/mcy/d/jamul-motocross-1972-factory-cz250/7902854361.html,https://images.craigslist.org/00606_b712GZxyUmt_0CI0pR_600x450.jpg
2021 Kawasaki Ninja ZX6R 636 Warranty Financing Delivery,9995.00,Arcadia,https://losangeles.craigslist.org/ant/mcy/d/valencia-2003-road-king-harley-davidson/7902853934.html,https://images.craigslist.org/00t0t_ivKi7jfBv5B_0CI0t2_600x450.jpg
2019 Harley-Davidson XL 1200XS - Sportster Forty-Eight SKU:C0507,6995.00,Folsom,https://sandiego.craigslist.org/nsd/mcy/d/escondido-harley-davidson-1989-fxstc/7902853140.html,https://images.craigslist.org/00k0k_7G7weUUg8Gb_0gw0co_600x450.jpg
2020 street bob FXBB,9995.00,Oceanside,https://portland.craigslist.org/mlt/mcd/d/portland-2020-bmw-750-gs-premium-853cc/7902852294.html,https://images.craigslist.org/00d0d_5KYSO84atvL_0CI0t2_600x450.jpg
1961 BMW R50,8500.00,Los Angeles,https://fayar.craigslist.org/mcy/d/fayetteville-electric-scooter/7902852265.html,https://images.craigslist.org/00t0t_lxjLfvT59vH_0CI0t2_600x450.jpg
2025 Triumph TF250-X,6495.00,Costa Mesa,https://seattle.craigslist.org/see/mcd/d/tacoma-2013-triumph-tiger/7902851950.html,https://images.craigslist.org/00909_8qSCinDptUg_0oc0i9_600x450.jpg
"Ultra rare 85 Suzuki SP600 1 of 1000 made,  showroom pristine conditon",5999.00,Las Vegas,https://corvallis.craigslist.org/mcy/d/corvallis-2009-ktm-450xcf/7902851821.html,https://images.craigslist.org/00A0A_iwJOiQTpOb1_0ji0ew_600x450.jpg
"Suzuki 650 Burgman  2009, 11,800 mi",3100.00,Turlock,https://seattle.craigslist.org/see/mcd/d/tacoma-2024-suzuki-gsx-8r/7902851405.html,https://images.craigslist.org/00K0K_cwrhbPFkR1E_0CI0t2_600x450.jpg
Harley Davidson Pan America Special,12000.00,Glendale,https://losangeles.craigslist.org/wst/mcy/d/los-angeles-2010-suzuki-gsxr750/7902851164.html,https://images.craigslist.org/00I0I_fv4cm9r8uVm_12w0Ak_600x450.jpg
2025 Triumph Tiger 900 Rally Pro,21695.00,Costa Mesa,https://seattle.craigslist.org/tac/mcy/d/bonney-lake-2005-harley-lowrider/7902851022.html,https://images.craigslist.org/00s0s_dLu23CedZIs_0CI0pR_600x450.jpg
2019 Harley-Davidson XL 1200XS - Sportster Forty-Eight SKU:C0507,6995.00,Folsom,https://portland.craigslist.org/mlt/mcd/d/stayton-2023-husqvarna-fx-350-heritage/7902850629.html,https://images.craigslist.org/00k0k_7G7weUUg8Gb_0gw0co_600x450.jpg
Kawasaki Voyager XII - Immaculate,1850.00,Queen Creek,https://fresno.craigslist.org/mcd/d/hanford-2018-kawasaki-kx-65-for-sale/7902850559.html,https://images.craigslist.org/00U0U_hPXjAJpL4SW_0CI0t2_600x450.jpg
2016 Honda CB300F,3990.00,Dublin,https://seattle.craigslist.org/see/mcd/d/tacoma-2013-suzuki-hayabusa/7902850526.html,https://images.craigslist.org/00707_eGgFSZ1Xe5J_1u8176_600x450.jpg
2013 ultra limited,10.00,Salem,https://reno.craigslist.org/mcy/d/sparks-harley-davidson-roadglide-for/7902850001.html,https://images.craigslist.org/01010_ijajJvMaVY9_0t90CI_600x450.jpg
Razor e300s,100.00,Canoga Park,https://sacramento.craigslist.org/mcd/d/folsom-2015-harley-davidson-fltrx-road/7902849639.html,https://images.craigslist.org/00p0p_6whIrapVFtX_0CI0t2_600x450.jpg
2019 Harley-Davidson XL 1200XS - Sportster Forty-Eight SKU:C0507,6995.00,Folsom,https://losangeles.craigslist.org/wst/mcy/d/los-angeles-2010-suzuki-gsxr750/7902849556.html,https://images.craigslist.org/00k0k_7G7weUUg8Gb_0gw0co_600x450.jpg
1970 BSA and otherVintage motorcycles,5000.00,Surprise,https://houston.craigslist.org/mcd/d/houston-2025-honda-cb650r-clutch/7902849333.html,https://images.craigslist.org/00q0q_e5IgYcoN958_0CI0t2_600x450.jpg
2 honda mini bikes 1 honda st 90 1 honda ct 70,1800.00,Phoenix,https://houston.craigslist.org/mcy/d/magnolia-foldable-scooter/7902849082.html,https://images.craigslist.org/01616_8qXPG01WsJk_0CI0t2_600x450.jpg
2017 Moto Guzzi V7 III Stone,4499.00,Big Bend,https://losangeles.craigslist.org/sgv/mcd/d/arcadia-2024-yamaha-r7-warranty/7902848942.html,https://images.craigslist.org/00707_d714HuXUVLU_0gw0co_600x450.jpg
2019 Harley-Davidson XL 1200XS - Sportster Forty-Eight SKU:C0507,6995.00,Folsom,https://dallas.craigslist.org/ftw/mcy/d/crowley-2019-harley-davidson-fat-bob-114/7902848477.html,https://images.craigslist.org/00k0k_7G7weUUg8Gb_0gw0co_600x450.jpg
Honda CR 50,1200.00,Great Falls,https://losangeles.craigslist.org/sgv/mcd/d/arcadia-2014-yamaha-r6-financing/7902848301.html,https://images.craigslist.org/00v0v_jefELb2f8UQ_0CI0t2_600x450.jpg
"OR. Residents KTM 1290 ADV S Save $6355! NW Euro Cycle. Tacoma, WA",14999.00,Boring,https://orangecounty.craigslist.org/mcd/d/costa-mesa-2025-triumph-tf-450-rc/7902848035.html,https://images.craigslist.org/00p0p_qWrzHrX5cs_0CI0o9_600x450.jpg
Hi boy S2R -plus electric scooter,150.00,Temecula,https://losangeles.craigslist.org/sgv/mcd/d/arcadia-2021-kawasaki-ninja-zx6r-636/7902847780.html,https://images.craigslist.org/00Y0Y_7kDdjaeoHrT_0x20oM_600x450.jpg
2024 Harley Davidson Low Rider ST FXLRST,19500.00,Portland,https://yubasutter.craigslist.org/mcd/d/folsom-2019-harley-davidson-xl-1200xs/7902847387.html,https://images.craigslist.org/00F0F_7gpwRc8p8EN_0CI0t2_600x450.jpg
Lectric E-Bike,1800.00,Fort Garland,https://sandiego.craigslist.org/csd/mcd/d/oceanside-2020-street-bob-fxbb/7902847007.html,https://images.craigslist.org/00k0k_hqXSJTcSqCg_0CI0t2_600x450.jpg
2014 Harley-Davidson Touring FLHTK - Electra Glide Ultra SKU:C12,14995.00,Folsom,https://losangeles.craigslist.org/wst/mcy/d/los-angeles-1961-bmw-r50/7902846735.html,https://images.craigslist.org/00L0L_8cBKp16kv37_0gw0co_600x450.jpg
2022 Harley Davidson  Low Rider ST-FLXRST,19150.00,Parker,https://orangecounty.craigslist.org/mcd/d/costa-mesa-2025-triumph-tf250/7902846620.html,https://images.craigslist.org/01616_2wYv0xcaXT0_0vC0CI_600x450.jpg
2014 Honda CB500X *$114/Month OAC $0 Down*,4295.00,Manhattan,https://lasvegas.craigslist.org/mcy/d/las-vegas-ultra-rare-85-suzuki-sp600-of/7902846453.html,https://images.craigslist.org/00G0G_h37h0hKbmya_0lP0ju_600x450.jpg
2015 Harley Davidson Softail Slim,8950.00,San Antonio,https://modesto.craigslist.org/mcy/d/turlock-suzuki-650-burgman-mi/7902846387.html,https://images.craigslist.org/00v0v_6Wx8uTFKMo2_0lR0t2_600x450.jpg
2021 Harley Davidson FXLR ROAD GLIDE   ,16900.00,Oregon City,https://phoenix.craigslist.org/nph/mcy/d/glendale-harley-davidson-pan-america/7902845901.html,https://images.craigslist.org/00z0z_340gul8GFvg_0cU09G_600x450.jpg
2021 Harley Davidson FXLR ROAD GLIDE   ,16900.00,Oregon City,https://orangecounty.craigslist.org/mcd/d/costa-mesa-2025-triumph-tiger-900-rally/7902845674.html,https://images.craigslist.org/00z0z_340gul8GFvg_0cU09G_600x450.jpg
"2015 Harley XG750 - 647 Miles ! (Steeles Cycle Buy,Sell,Trade,Consign)",3499.00,Englewood,https://stockton.craigslist.org/mcd/d/folsom-2019-harley-davidson-xl-1200xs/7902845078.html,https://images.craigslist.org/00101_80LuuxN4MhS_0CI0t2_600x450.jpg
KTMRC8R,11000.00,Los Angeles,https://phoenix.craigslist.org/evl/mcy/d/queen-creek-kawasaki-voyager-xii/7902844543.html,https://images.craigslist.org/00Y0Y_2afmROktBBF_0hq0cU_600x450.jpg
2002 BMW K1200RS,3200.00,Pinon Hills,https://sfbay.craigslist.org/eby/mcy/d/dublin-2016-honda-cb300f/7902843761.html,https://images.craigslist.org/00r0r_csZNdG4lMXE_0pO0jm_600x450.jpg
2014 can am spyder rt,9000.00,Brentwood,https://salem.craigslist.org/mcy/d/salem-2013-ultra-limited/7902843632.html,https://images.craigslist.org/00Q0Q_9E6h63nCmLH_0CI0t2_600x450.jpg
2021 Triumph Street Triple RS | Silver Ice | At Triumph Escondido!,9495.00,Escondido,https://losangeles.craigslist.org/sfv/mcy/d/canoga-park-razor-e300s/7902842911.html,https://images.craigslist.org/00t0t_34CaG9PujVY_0ww0oo_600x450.jpg
2018 Ducati Scrambler 800 Icon | Red | At Moto Forza!,6995.00,Escondido,https://sfbay.craigslist.org/eby/mcd/d/folsom-2019-harley-davidson-xl-1200xs/7902842763.html,https://images.craigslist.org/00E0E_6lMPGHPWtDb_0ww0oo_600x450.jpg
2024 Harley-Davidson Nightster Special RH975S,9495.00,Phoenix,https://phoenix.craigslist.org/wvl/mcy/d/surprise-1970-bsa-and-othervintage/7902842727.html,https://images.craigslist.org/01515_2flCpg9A1eZ_0CI0t2_600x450.jpg
2000 Fatboy HD,5500.00,Meridian,https://phoenix.craigslist.org/nph/mcy/d/phoenix-honda-mini-bikes-honda-st-90/7902842277.html,https://images.craigslist.org/00D0D_b3U7qC5wsUY_0CI0t2_600x450.jpg
2018 Harley Davidson Street Glide FLHX,12895.00,Phoenix,https://denver.craigslist.org/mcd/d/timnath-2025-indian-sport-scout-limited/7902841108.html,https://images.craigslist.org/00K0K_UydWpTReB5_0CI0t2_600x450.jpg
2024 BMW M 1000 R | At Moto Forza!,25995.00,Escondido,https://chicago.craigslist.org/nwc/mcd/d/big-bend-2017-moto-guzzi-v7-iii-stone/7902840217.html,https://images.craigslist.org/00r0r_b2c2YsQsNS1_0uY0ne_600x450.jpg
2025 Ducati V4 Panigale | Red | At Moto Forza!,25995.00,Escondido,https://sacramento.craigslist.org/mcd/d/folsom-2019-harley-davidson-xl-1200xs/7902840145.html,https://images.craigslist.org/00000_5Wm1mEeSXOQ_0uY0ne_600x450.jpg
2014 Harley Davidson,7000.00,Dana Point,https://greatfalls.craigslist.org/mcy/d/great-falls-honda-cr-50/7902838988.html,https://images.craigslist.org/00Q0Q_3Ux2SO0WGo3_0CI0t2_600x450.jpg
2024 Triumph Scrambler 1200 XE | Orange/Black | At Triumph Escondido,13569.00,Escondido,https://portland.craigslist.org/mlt/mcd/d/boring-or-residents-ktm-1290-adv-save/7902838787.html,https://images.craigslist.org/00202_5nZ6u0Y8Ga0_0uY0ne_600x450.jpg
2012 Harley-Davidson FLHX - Street Glide SKU:C03971 V Twin,13995.00,Folsom,https://sandiego.craigslist.org/nsd/mcy/d/temecula-hi-boy-s2r-plus-electric/7902838550.html,https://images.craigslist.org/00I0I_cgO5H0UALZO_0gw0co_600x450.jpg
1980 Ducati Darmah SD 900,10500.00,Littleton,https://portland.craigslist.org/wsc/mcd/d/portland-2024-harley-davidson-low-rider/7902838268.html,https://images.craigslist.org/00A0A_8qsZ8ktTJXv_0CI0r1_600x450.jpg
Honda Ruckus 2023,3000.00,Bend,https://pueblo.craigslist.org/mcy/d/fort-garland-lectric-bike/7902838167.html,https://images.craigslist.org/00O0O_l5RJaS8IYKt_0t20CI_600x450.jpg
2018 Honda Shadow Phantom VT750C2B - 5k Miles,5200.00,Oceanside,https://sacramento.craigslist.org/mcd/d/folsom-2014-harley-davidson-touring/7902838163.html,https://images.craigslist.org/01414_5YB6miqHXsg_1320MM_600x450.jpg
2007 Harley Davidson Heritage softail,9000.00,Glendora,https://fortcollins.craigslist.org/mcd/d/timnath-2025-indian-sport-scout-limited/7902838090.html,https://images.craigslist.org/00505_3DzHtr4vvF6_0lM0t2_600x450.jpg
2025 Royal Enfield Himalayan 450***SLATE SALT***,5899.00,San Diego,https://denver.craigslist.org/mcy/d/parker-2022-harley-davidson-low-rider/7902837762.html,https://images.craigslist.org/00f0f_c5N0lVVqAoq_0x20oM_600x450.jpg
2023 Kawasaki KX 65,2800.00,Portland,https://bozeman.craigslist.org/mcd/d/manhattan-2014-honda-cb500x-114-month/7902837454.html,https://images.craigslist.org/00808_9zw2WCR4cI0_0CI0t2_600x450.jpg
2024 Triumph Street Triple 765 RS***MOTO 2 Tech!***,9495.00,San Diego,https://sanantonio.craigslist.org/mcy/d/san-antonio-2015-harley-davidson/7902837302.html,https://images.craigslist.org/00C0C_atC0whKALkH_0x20oM_600x450.jpg
MacFox X7 E Bike,1399.00,Rancho Cordova,https://portland.craigslist.org/clc/mcd/d/oregon-city-2021-harley-davidson-fxlr/7902836954.html,https://images.craigslist.org/00Z0Z_3OJQotTxF6R_05d05M_600x450.jpg
2015 Can-Am Spyder F3-S (SM6),7888.00,Las Vegas,https://portland.craigslist.org/clc/mcd/d/oregon-city-2021-harley-davidson-fxlr/7902836568.html,https://images.craigslist.org/00j0j_jF4uS1bfn3b_0iH0e1_600x450.jpg
2025 ERIDE PRO SS 3.0,5599.00,Albuquerque,https://denver.craigslist.org/mcd/d/englewood-2015-harley-xg-miles-steeles/7902836169.html,https://images.craigslist.org/01212_4XnDKU2OF3n_0gw09i_600x450.jpg
2026 Yamaha PW50,1999.00,Central Point,https://losangeles.craigslist.org/wst/mcy/d/los-angeles-ktmrc8r/7902836019.html,https://images.craigslist.org/01010_5JWKBbM4cP2_0gw0co_600x450.jpg
2021 Harley-Davidson FLH - Electra Glide Revival,21999.00,Big Bend,https://inlandempire.craigslist.org/mcy/d/pinon-hills-2002-bmw-k1200rs/7902835873.html,https://images.craigslist.org/00r0r_4pZvHGdVIRa_0gw0co_600x450.jpg
2025 Yamaha MT-10 SP - Your Dream Xmas Present!,15200.00,West Sacramento,https://sfbay.craigslist.org/eby/mcy/d/brentwood-2014-can-am-spyder-rt/7902835853.html,https://images.craigslist.org/00000_3nj9rLniu7p_0Cz0t2_600x450.jpg
2015 Yamaha TTR125LE,3795.00,Escondido,https://sandiego.craigslist.org/nsd/mcd/d/escondido-2021-triumph-street-triple-rs/7902835628.html,https://images.craigslist.org/00k0k_1yDToKZx0a4_0ww0oo_600x450.jpg
2021 M/C REBEL 300 ABS,3800.00,Pflugerville,https://sandiego.craigslist.org/nsd/mcd/d/escondido-2018-ducati-scrambler-800/7902835240.html,https://images.craigslist.org/00808_g1nHWgPWYFX_0CI0t2_600x450.jpg
1999 Honda Goldwing SE,4900.00,Carnation,https://phoenix.craigslist.org/nph/mcd/d/phoenix-2024-harley-davidson-nightster/7902835132.html,https://images.craigslist.org/00S0S_hSuUYbupsyR_0t20t2_600x450.jpg
93 Yamaha GTS 1000 1of 800 ultra rare nov 26 reg,2100.00,San Diego,https://boise.craigslist.org/mcy/d/meridian-2000-fatboy-hd/7902835101.html,https://images.craigslist.org/00H0H_iJT5TZTHvXi_0t20CI_600x450.jpg
2025 Honda Monkey,4200.00,Buckeye,https://phoenix.craigslist.org/nph/mcd/d/phoenix-2018-harley-davidson-street/7902834977.html,https://images.craigslist.org/00202_fjhqkEU5LJN_0rm0kw_600x450.jpg
2019 Street Bob,10000.00,San Diego,https://sandiego.craigslist.org/nsd/mcd/d/escondido-2024-bmw-1000-at-moto-forza/7902834341.html,https://images.craigslist.org/00S0S_ckpzbnqCcJn_0hT0CI_600x450.jpg
2022 Triumph Street Triple R Low #6065,11965.00,Lacey,https://sandiego.craigslist.org/nsd/mcd/d/escondido-2025-ducati-v4-panigale-red/7902833966.html,https://images.craigslist.org/01212_6hWPo9lrMXd_0CI0pO_600x450.jpg
2023 HONDA Super Cub,3599.00,Phoenix,https://orangecounty.craigslist.org/mcy/d/dana-point-2014-harley-davidson/7902833739.html,https://images.craigslist.org/00A0A_gcXDvrI0wqk_0CI0t2_600x450.jpg
2006 Honda VTX1300R VTX1300 VTX 1300 R Silver Cruiser Must See!,3995.00,Mesa,https://sandiego.craigslist.org/nsd/mcd/d/escondido-2024-triumph-scrambler-1200/7902833168.html,https://images.craigslist.org/00w0w_kYyQmFOWnJY_0CI0lO_600x450.jpg
1977 IRONHEAD,12500.00,Flagstaff,https://sacramento.craigslist.org/mcd/d/folsom-2012-harley-davidson-flhx-street/7902832159.html,https://images.craigslist.org/00909_1dHLtBaAY6B_0CI0t2_600x450.jpg
2008 Big Dog Pitbull Pit Bull Custom Chopper 117CI S&S 1K Miles CLEAN!,11995.00,Mesa,https://denver.craigslist.org/mcy/d/littleton-1980-ducati-darmah-sd-900/7902831740.html,https://images.craigslist.org/00P0P_9E4P7i6SNP9_0CI0jm_600x450.jpg
2005 Big Dog Bulldog Custom Chopper 117CI S&S 3K Miles! CLEAN!!,11995.00,Mesa,https://bend.craigslist.org/mcy/d/bend-honda-ruckus-2023/7902831216.html,https://images.craigslist.org/01616_9EbA6e4pdIy_0CI0jQ_600x450.jpg
